Order_ID,Order_Date,Customer_ID,Customer_Segment,Region,Product_Category,Product_Name,Sales_Channel,Quantity,Unit_Price,Discount_Rate,Revenue,Cost,Profit,Payment_Method,Customer_Rating,Is_Returned,Sales_Rep,Delivery_Days,Campaign_Source,Notes
ORD-100001,2025-11-24,CUST-1027,Corporate,Central,Technology,Laptop Pro 14,Online,12,1266.41,0.05,14437.02,11667.59,2769.43,Purchase Order,4.6,False,A. Cruz,3,Email,New account
ORD-100002,2025-02-17,CUST-1115,Corporate,East,Office Supplies,Ink Cartridge Pack,Online,9,120.13,0.15,918.96,567.4,351.56,Bank Transfer,5.0,True,G. Ramos,8,Social,
ORD-100003,2025-05-23,CUST-1089,Corporate,East,Office Supplies,Ink Cartridge Pack,Online,6,117.6,0.0,705.59,555.92,149.67,Purchase Order,5.0,False,B. Santos,2,Referral,
ORD-100004,2025-02-10,CUST-1059,Small Business,North,Furniture,Storage Shelf,Retail Store,6,270.33,0.15,1378.69,1120.57,258.12,Credit Card,4.7,False,G. Ramos,2,Social,
ORD-100005,2025-08-21,CUST-1019,Corporate,South,Furniture,Standing Desk,Retail Store,6,670.82,0.05,3823.68,2412.6,1411.09,Bank Transfer,3.8,False,H. Navarro,5,Referral,New account
ORD-100006,2025-05-19,CUST-1069,Consumer,South,Office Supplies,Ergonomic Notebook,Corporate Sales,1,17.3,0.0,17.3,12.21,5.09,Bank Transfer,3.8,False,H. Navarro,6,Referral,Priority client
ORD-100007,2025-11-26,CUST-1068,Corporate,Central,Services,Installation Service,Partner,5,246.6,0.0,1232.99,801.31,431.67,Purchase Order,3.3,False,F. Tan,9,Search,Follow-up required
ORD-100008,2025-03-12,CUST-1109,Corporate,North,Services,Consulting Hours,Partner,1,172.52,0.0,172.52,115.23,57.29,Purchase Order,4.3,False,H. Navarro,3,Trade Show,
ORD-100009,2025-05-09,CUST-1076,Small Business,South,Technology,Laptop Pro 14,Partner,11,1287.59,0.15,12038.94,9251.23,2787.71,Credit Card,4.2,False,E. Garcia,6,Trade Show,
ORD-100010,2025-04-02,CUST-1042,Corporate,Central,Technology,Wireless Headset,Online,11,151.75,0.15,1418.9,838.78,580.12,Mobile Wallet,3.0,False,H. Navarro,3,Email,
ORD-100011,2025-02-27,CUST-1022,Corporate,West,Furniture,Filing Cabinet,Online,4,223.71,0.0,894.84,555.63,339.21,Bank Transfer,3.6,False,C. Reyes,10,Direct,
ORD-100012,2025-09-01,CUST-1052,Corporate,East,Office Supplies,Ergonomic Notebook,Partner,9,18.66,0.15,142.77,97.89,44.88,Mobile Wallet,3.9,False,H. Navarro,4,Trade Show,Follow-up required
ORD-100013,2025-08-20,CUST-1059,Corporate,South,Technology,Business Tablet,Online,4,646.16,0.0,2584.64,1806.26,778.38,Credit Card,,False,A. Cruz,10,Search,Follow-up required
ORD-100014,2025-02-04,CUST-1139,Consumer,Central,Technology,Wireless Headset,Partner,2,143.39,0.15,243.76,171.81,71.95,Bank Transfer,3.2,False,H. Navarro,8,Referral,
ORD-100015,2025-04-08,CUST-1014,Corporate,North,Technology,Laptop Pro 14,Online,11,1311.14,0.1,12980.24,8104.41,4875.83,Purchase Order,4.7,False,F. Tan,7,Email,Priority client
ORD-100016,2025-05-08,CUST-1119,Consumer,North,Office Supplies,Ink Cartridge Pack,Partner,9,118.38,0.1,958.9,601.27,357.64,Credit Card,4.2,False,A. Cruz,3,Direct,
ORD-100017,2025-10-04,CUST-1103,Consumer,South,Technology,Laptop Pro 14,Partner,4,1180.85,0.0,4723.4,3108.37,1615.03,Credit Card,3.0,False,G. Ramos,8,Social,
ORD-100018,2025-08-21,CUST-1125,Consumer,South,Furniture,Meeting Table,Corporate Sales,12,851.53,0.2,8174.71,5441.26,2733.45,Bank Transfer,3.6,False,A. Cruz,9,Trade Show,New account
ORD-100019,2025-10-05,CUST-1136,Consumer,North,Technology,Wireless Headset,Online,1,142.47,0.0,142.47,101.19,41.28,Bank Transfer,4.3,False,B. Santos,9,Trade Show,
ORD-100020,2025-02-04,CUST-1159,Consumer,West,Office Supplies,Printer Toner,Corporate Sales,2,154.62,0.15,262.85,214.71,48.14,Mobile Wallet,3.8,False,D. Lim,10,Direct,
ORD-100021,2025-06-10,CUST-1081,Consumer,North,Office Supplies,Ergonomic Notebook,Partner,7,18.98,0.0,132.86,83.4,49.47,Credit Card,4.9,False,B. Santos,5,Trade Show,Priority client
ORD-100022,2025-04-20,CUST-1041,Small Business,Central,Furniture,Standing Desk,Corporate Sales,6,663.13,0.0,3978.75,2378.38,1600.37,Credit Card,4.8,False,E. Garcia,6,Direct,
ORD-100023,2025-02-23,CUST-1073,Corporate,South,Office Supplies,Ergonomic Notebook,Corporate Sales,2,17.49,0.0,34.98,21.26,13.72,Bank Transfer,4.3,False,E. Garcia,3,Trade Show,
ORD-100024,2025-09-08,CUST-1001,Small Business,South,Furniture,Executive Chair,Corporate Sales,2,472.46,0.2,755.94,449.98,305.96,Bank Transfer,4.8,False,H. Navarro,5,Trade Show,
ORD-100025,2025-12-28,CUST-1010,Small Business,Central,Services,Data Migration,Retail Store,1,914.09,0.0,914.09,601.51,312.58,Purchase Order,4.7,False,C. Reyes,3,Email,Follow-up required
ORD-100026,2025-06-07,CUST-1144,Small Business,Central,Furniture,Executive Chair,Retail Store,6,526.87,0.0,3161.22,2191.77,969.45,Bank Transfer,5.0,False,C. Reyes,2,Search,
ORD-100027,2025-07-31,CUST-1064,Small Business,South,Technology,Business Tablet,Online,12,645.82,0.05,7362.34,5530.43,1831.91,Purchase Order,4.4,False,A. Cruz,7,Referral,
ORD-100028,2025-04-24,CUST-1007,Corporate,South,Office Supplies,Printer Toner,Partner,6,178.16,0.05,1015.5,709.34,306.16,Mobile Wallet,5.0,False,E. Garcia,4,Email,
ORD-100029,2025-05-23,CUST-1008,Consumer,East,Furniture,Storage Shelf,Retail Store,7,300.36,0.2,1682.01,1148.16,533.85,Mobile Wallet,4.2,False,A. Cruz,9,Email,
ORD-100030,2025-11-02,CUST-1099,Corporate,South,Services,Training Package,Corporate Sales,12,433.29,0.05,4939.53,3467.83,1471.7,Credit Card,3.9,False,G. Ramos,9,Email,
ORD-100031,2025-09-24,CUST-1081,Corporate,North,Office Supplies,Ergonomic Notebook,Corporate Sales,7,19.47,0.0,136.27,87.19,49.08,Mobile Wallet,5.0,False,G. Ramos,6,Social,
ORD-100032,2025-07-26,CUST-1045,Corporate,Central,Furniture,Storage Shelf,Corporate Sales,3,282.78,0.0,848.35,507.71,340.63,Purchase Order,3.7,False,A. Cruz,7,Social,New account
ORD-100033,2025-05-27,CUST-1114,Corporate,South,Office Supplies,Printer Toner,Partner,10,161.89,0.15,1376.1,851.38,524.71,Bank Transfer,4.8,False,B. Santos,8,Social,Priority client
ORD-100034,2025-09-21,CUST-1007,Consumer,South,Furniture,Executive Chair,Partner,4,518.7,0.2,1659.84,1037.03,622.81,Credit Card,4.3,False,H. Navarro,4,Referral,
ORD-100035,2025-11-19,CUST-1028,Small Business,South,Office Supplies,Printer Toner,Retail Store,8,182.27,0.1,1312.33,931.02,381.31,Purchase Order,3.6,False,A. Cruz,1,Trade Show,
ORD-100036,2025-05-08,CUST-1082,Small Business,Central,Technology,4K Monitor,Partner,3,434.02,0.1,1171.87,799.81,372.06,Purchase Order,3.9,False,C. Reyes,9,Direct,Follow-up required
ORD-100037,2025-09-01,CUST-1062,Small Business,West,Services,Training Package,Online,4,478.62,0.2,1531.59,1204.71,326.88,Mobile Wallet,4.1,False,D. Lim,9,Social,Priority client
ORD-100038,2025-06-21,CUST-1040,Corporate,South,Furniture,Storage Shelf,Online,2,294.06,0.0,588.12,372.46,215.66,Purchase Order,3.9,False,G. Ramos,7,Social,New account
ORD-100039,2025-10-05,CUST-1150,Corporate,North,Services,Support Contract,Partner,1,1108.77,0.0,1108.77,732.93,375.84,Purchase Order,4.0,False,A. Cruz,7,Social,
ORD-100040,2025-06-02,CUST-1125,Consumer,East,Services,Support Contract,Partner,9,1204.51,0.2,8672.47,6493.29,2179.18,Purchase Order,4.4,False,A. Cruz,10,Referral,
ORD-100041,2025-06-22,CUST-1101,Corporate,Central,Services,Installation Service,Online,8,243.18,0.0,1945.45,1582.1,363.36,Credit Card,2.7,False,G. Ramos,9,Search,
ORD-100042,2025-08-25,CUST-1087,Small Business,East,Office Supplies,Premium Paper,Partner,5,37.32,0.1,167.95,98.9,69.05,Mobile Wallet,4.1,False,B. Santos,8,Referral,
ORD-100043,2025-01-10,CUST-1052,Consumer,Central,Technology,Wireless Headset,Retail Store,4,152.27,0.2,487.25,341.39,145.86,Bank Transfer,4.0,True,C. Reyes,2,Referral,
ORD-100044,2025-12-09,CUST-1156,Corporate,North,Technology,Cloud Security Suite,Retail Store,4,835.15,0.1,3006.55,2096.97,909.57,Mobile Wallet,4.3,False,B. Santos,6,Trade Show,
ORD-100045,2025-01-14,CUST-1152,Corporate,South,Furniture,Storage Shelf,Online,11,328.04,0.1,3247.61,2072.28,1175.33,Mobile Wallet,5.0,False,B. Santos,4,Trade Show,
ORD-100046,2025-01-22,CUST-1088,Consumer,West,Furniture,Storage Shelf,Partner,7,283.31,0.2,1586.54,1197.48,389.06,Credit Card,4.7,False,G. Ramos,9,Social,New account
ORD-100047,2025-11-22,CUST-1138,Small Business,West,Services,Installation Service,Partner,7,243.39,0.0,1703.72,1246.71,457.02,Mobile Wallet,4.5,False,F. Tan,5,Search,Follow-up required
ORD-100048,2025-02-14,CUST-1008,Small Business,East,Furniture,Meeting Table,Retail Store,4,733.53,0.1,2640.7,2061.0,579.71,Purchase Order,5.0,False,D. Lim,7,Social,
ORD-100049,2025-05-13,CUST-1133,Consumer,North,Furniture,Filing Cabinet,Retail Store,10,211.15,0.2,1689.2,1055.35,633.85,Purchase Order,4.2,False,H. Navarro,9,Trade Show,
ORD-100050,2025-05-04,CUST-1063,Small Business,Central,Services,Support Contract,Corporate Sales,8,1242.62,0.0,9940.92,5805.31,4135.61,Purchase Order,3.7,False,F. Tan,4,Referral,Priority client
ORD-100051,2025-10-09,CUST-1031,Corporate,South,Furniture,Filing Cabinet,Corporate Sales,12,219.53,0.1,2370.92,1504.01,866.91,Credit Card,3.3,False,C. Reyes,5,Search,
ORD-100052,2025-04-21,CUST-1073,Consumer,South,Services,Training Package,Corporate Sales,12,467.18,0.15,4765.28,3206.16,1559.12,Bank Transfer,4.5,False,F. Tan,9,Search,Follow-up required
ORD-100053,2025-06-04,CUST-1033,Corporate,West,Technology,Cloud Security Suite,Online,3,977.52,0.05,2785.94,1707.8,1078.15,Credit Card,3.5,True,E. Garcia,4,Referral,New account
ORD-100054,2025-09-03,CUST-1017,Small Business,West,Services,Training Package,Online,3,488.22,0.0,1464.67,1157.91,306.76,Credit Card,3.9,False,C. Reyes,8,Search,
ORD-100055,2025-10-16,CUST-1153,Corporate,South,Furniture,Executive Chair,Partner,4,465.33,0.0,1861.31,1374.38,486.92,Purchase Order,4.3,False,H. Navarro,7,Social,Follow-up required
ORD-100056,2025-10-29,CUST-1055,Small Business,North,Services,Training Package,Retail Store,10,452.67,0.15,3847.68,2454.99,1392.69,Bank Transfer,5.0,True,C. Reyes,4,Trade Show,New account
ORD-100057,2025-02-08,CUST-1009,Consumer,East,Office Supplies,Premium Paper,Corporate Sales,7,35.83,0.1,225.71,179.51,46.19,Purchase Order,4.3,False,B. Santos,8,Direct,
ORD-100058,2025-04-30,CUST-1039,Small Business,South,Furniture,Storage Shelf,Online,11,289.37,0.0,3183.11,2112.98,1070.13,Credit Card,4.7,False,C. Reyes,9,Social,
ORD-100059,2025-11-01,CUST-1129,Corporate,West,Furniture,Meeting Table,Partner,2,835.11,0.1,1503.19,1195.5,307.69,Credit Card,4.3,False,A. Cruz,7,Referral,
ORD-100060,2025-06-15,CUST-1006,Corporate,East,Furniture,Executive Chair,Online,2,502.89,0.0,1005.78,603.66,402.12,Bank Transfer,4.4,False,H. Navarro,10,Trade Show,
ORD-100061,2025-11-30,CUST-1121,Small Business,West,Services,Training Package,Corporate Sales,3,419.55,0.15,1069.84,851.22,218.62,Mobile Wallet,4.3,False,B. Santos,8,Search,
ORD-100062,2025-06-18,CUST-1117,Consumer,East,Services,Support Contract,Corporate Sales,5,1081.21,0.2,4324.86,2675.33,1649.53,Mobile Wallet,3.6,False,B. Santos,9,Referral,
ORD-100063,2025-09-21,CUST-1128,Corporate,West,Technology,Cloud Security Suite,Online,8,907.76,0.1,6535.89,4876.13,1659.76,Bank Transfer,3.2,True,E. Garcia,12,Trade Show,Follow-up required
ORD-100064,2025-03-09,CUST-1062,Corporate,South,Furniture,Meeting Table,Corporate Sales,12,832.91,0.1,8995.39,5729.52,3265.87,Credit Card,4.6,False,G. Ramos,10,Email,
ORD-100065,2025-04-26,CUST-1075,Corporate,East,Technology,4K Monitor,Partner,2,442.97,0.2,708.75,538.06,170.7,Purchase Order,4.8,False,H. Navarro,8,Search,New account
ORD-100066,2025-08-22,CUST-1018,Small Business,West,Office Supplies,Printer Toner,Corporate Sales,4,174.33,0.15,592.71,424.62,168.1,Mobile Wallet,4.4,False,A. Cruz,3,Social,
ORD-100067,2025-06-02,CUST-1140,Small Business,West,Services,Installation Service,Corporate Sales,8,229.68,0.15,1561.85,1043.71,518.14,Bank Transfer,3.4,False,D. Lim,6,Trade Show,Follow-up required
ORD-100068,2025-07-16,CUST-1039,Small Business,North,Office Supplies,Printer Toner,Retail Store,1,184.99,0.05,175.74,118.51,57.23,Mobile Wallet,3.5,False,B. Santos,7,Referral,Priority client
ORD-100069,2025-02-21,CUST-1121,Small Business,East,Services,Consulting Hours,Partner,12,194.11,0.0,2329.36,1703.87,625.5,Credit Card,4.1,False,F. Tan,3,Direct,
ORD-100070,2025-10-01,CUST-1139,Consumer,Central,Services,Training Package,Online,11,456.92,0.2,4020.91,2807.41,1213.49,Bank Transfer,5.0,False,E. Garcia,8,Search,
ORD-100071,2025-02-16,CUST-1077,Consumer,North,Services,Consulting Hours,Corporate Sales,11,169.03,0.2,1487.45,1120.63,366.82,Credit Card,3.3,False,E. Garcia,8,Social,
ORD-100072,2025-07-11,CUST-1045,Consumer,Central,Services,Installation Service,Partner,4,272.02,0.15,924.88,748.17,176.7,Bank Transfer,4.5,False,H. Navarro,3,Trade Show,
ORD-100073,2025-03-15,CUST-1120,Small Business,Central,Office Supplies,Printer Toner,Retail Store,11,183.02,0.05,1912.58,1279.21,633.38,Credit Card,4.5,False,H. Navarro,1,Social,
ORD-100074,2025-10-28,CUST-1099,Small Business,North,Furniture,Meeting Table,Retail Store,12,873.09,0.05,9953.19,7810.49,2142.7,Purchase Order,4.0,False,F. Tan,5,Trade Show,
ORD-100075,2025-06-01,CUST-1013,Corporate,West,Furniture,Executive Chair,Corporate Sales,11,468.9,0.1,4642.08,3121.44,1520.64,Bank Transfer,3.8,False,F. Tan,10,Search,
ORD-100076,2025-11-22,CUST-1025,Corporate,North,Office Supplies,Desk Organizer,Corporate Sales,5,27.08,0.2,108.33,77.31,31.02,Purchase Order,4.7,False,A. Cruz,3,Trade Show,New account
ORD-100077,2025-07-06,CUST-1034,Corporate,East,Office Supplies,Premium Paper,Corporate Sales,5,42.4,0.05,201.41,150.46,50.95,Bank Transfer,3.4,False,E. Garcia,3,Referral,
ORD-100078,2025-06-01,CUST-1102,Corporate,East,Furniture,Executive Chair,Online,8,500.25,0.0,4001.98,3272.07,729.91,Purchase Order,,False,A. Cruz,4,Social,
ORD-100079,2025-10-02,CUST-1098,Corporate,East,Technology,4K Monitor,Online,6,425.96,0.2,2044.61,1440.22,604.39,Bank Transfer,4.4,False,H. Navarro,5,Email,Follow-up required
ORD-100080,2025-11-14,CUST-1105,Consumer,South,Furniture,Storage Shelf,Online,4,310.78,0.2,994.5,744.48,250.02,Credit Card,,True,E. Garcia,11,Referral,New account
ORD-100081,2025-03-01,CUST-1139,Small Business,Central,Technology,Business Tablet,Retail Store,9,679.36,0.0,6114.21,3977.06,2137.15,Purchase Order,4.5,False,B. Santos,6,Referral,New account
ORD-100082,2025-11-12,CUST-1061,Small Business,North,Services,Training Package,Corporate Sales,1,483.04,0.2,386.43,308.83,77.6,Mobile Wallet,4.5,False,A. Cruz,8,Referral,Priority client
ORD-100083,2025-05-22,CUST-1013,Small Business,South,Office Supplies,Premium Paper,Retail Store,8,39.09,0.0,312.71,219.01,93.7,Bank Transfer,4.5,False,B. Santos,10,Trade Show,
ORD-100084,2025-04-17,CUST-1071,Consumer,South,Office Supplies,Ink Cartridge Pack,Corporate Sales,6,134.21,0.0,805.26,620.85,184.41,Bank Transfer,5.0,False,B. Santos,10,Direct,
ORD-100085,2025-01-14,CUST-1068,Consumer,South,Office Supplies,Premium Paper,Partner,6,42.04,0.0,252.25,166.77,85.48,Credit Card,3.5,False,B. Santos,1,Referral,
ORD-100086,2025-08-18,CUST-1012,Corporate,Central,Furniture,Storage Shelf,Corporate Sales,10,303.68,0.0,3036.81,1787.55,1249.26,Purchase Order,3.9,False,A. Cruz,4,Email,
ORD-100087,2025-09-03,CUST-1021,Small Business,Central,Services,Support Contract,Retail Store,11,1191.74,0.0,13109.18,9310.59,3798.58,Credit Card,4.6,False,C. Reyes,8,Social,
ORD-100088,2025-11-16,CUST-1111,Consumer,North,Furniture,Meeting Table,Retail Store,10,723.97,0.15,6153.78,3624.35,2529.43,Purchase Order,2.9,False,H. Navarro,9,Search,Follow-up required
ORD-100089,2025-07-31,CUST-1081,Corporate,East,Furniture,Meeting Table,Corporate Sales,7,850.55,0.1,5358.47,3571.13,1787.34,Bank Transfer,4.1,False,H. Navarro,6,Email,Priority client
ORD-100090,2025-02-16,CUST-1034,Corporate,North,Technology,Laptop Pro 14,Corporate Sales,7,1369.14,0.0,9584.01,6055.15,3528.86,Credit Card,3.3,False,G. Ramos,6,Social,
ORD-100091,2025-12-07,CUST-1130,Consumer,South,Services,Consulting Hours,Partner,5,184.42,0.15,783.8,470.66,313.14,Bank Transfer,4.1,False,B. Santos,2,Social,Follow-up required
ORD-100092,2025-10-12,CUST-1144,Corporate,Central,Furniture,Executive Chair,Online,5,492.97,0.15,2095.14,1535.7,559.44,Mobile Wallet,3.6,False,A. Cruz,7,Search,
ORD-100093,2025-05-20,CUST-1103,Consumer,South,Furniture,Filing Cabinet,Online,6,228.9,0.0,1373.42,1118.24,255.17,Credit Card,2.6,False,D. Lim,3,Referral,Follow-up required
ORD-100094,2025-08-03,CUST-1146,Corporate,North,Services,Training Package,Online,3,476.57,0.05,1358.22,876.05,482.17,Bank Transfer,4.2,False,C. Reyes,6,Trade Show,
ORD-100095,2025-01-26,CUST-1107,Small Business,South,Technology,Wireless Headset,Online,8,147.18,0.2,941.96,564.07,377.89,Mobile Wallet,4.5,False,G. Ramos,10,Email,Priority client
ORD-100096,2025-05-26,CUST-1053,Small Business,South,Services,Data Migration,Retail Store,11,932.7,0.05,9746.73,6058.47,3688.25,Mobile Wallet,4.7,True,E. Garcia,8,Social,
ORD-100097,2025-03-03,CUST-1059,Corporate,Central,Technology,4K Monitor,Corporate Sales,12,427.46,0.1,4616.58,2954.88,1661.7,Credit Card,5.0,False,G. Ramos,7,,Follow-up required
ORD-100098,2025-01-22,CUST-1147,Small Business,West,Services,Consulting Hours,Corporate Sales,8,185.77,0.0,1486.14,961.8,524.33,Credit Card,4.4,False,G. Ramos,10,Email,Priority client
ORD-100099,2025-06-16,CUST-1028,Consumer,West,Office Supplies,Desk Organizer,Partner,8,31.64,0.2,202.48,153.3,49.18,Credit Card,5.0,False,G. Ramos,2,Social,Priority client
ORD-100100,2025-06-23,CUST-1131,Consumer,East,Office Supplies,Ergonomic Notebook,Corporate Sales,3,17.71,0.0,53.13,33.98,19.16,Bank Transfer,4.9,False,D. Lim,2,Email,Follow-up required
ORD-100101,2025-03-16,CUST-1127,Small Business,Central,Furniture,Standing Desk,Partner,3,610.88,0.15,1557.75,1186.82,370.93,Mobile Wallet,4.4,False,F. Tan,2,Search,
ORD-100102,2025-08-14,CUST-1015,Small Business,Central,Technology,4K Monitor,Online,8,456.63,0.2,2922.43,1763.63,1158.8,Mobile Wallet,4.7,False,H. Navarro,5,Referral,Follow-up required
ORD-100103,2025-01-20,CUST-1153,Corporate,West,Technology,Wireless Headset,Partner,5,148.75,0.0,743.75,515.89,227.86,Credit Card,3.9,False,H. Navarro,2,Trade Show,
ORD-100104,2025-11-30,CUST-1027,Small Business,North,Office Supplies,Ergonomic Notebook,Retail Store,10,17.63,0.1,158.71,115.51,43.2,Credit Card,3.2,False,D. Lim,1,Direct,Priority client
ORD-100105,2025-08-13,CUST-1100,Small Business,East,Services,Data Migration,Online,9,975.67,0.15,7463.86,4410.19,3053.67,Mobile Wallet,5.0,False,B. Santos,6,Social,
ORD-100106,2025-02-18,CUST-1039,Small Business,North,Services,Training Package,Retail Store,5,450.28,0.2,1801.13,1414.89,386.24,Mobile Wallet,3.0,False,E. Garcia,10,Direct,
ORD-100107,2025-12-24,CUST-1097,Corporate,East,Services,Installation Service,Retail Store,10,257.93,0.2,2063.48,1277.51,785.97,Credit Card,4.2,False,G. Ramos,5,Trade Show,Follow-up required
ORD-100108,2025-07-05,CUST-1125,Consumer,South,Technology,Wireless Headset,Retail Store,5,134.89,0.0,674.45,486.0,188.45,Bank Transfer,3.6,False,B. Santos,6,Social,
ORD-100109,2025-02-21,CUST-1047,Corporate,Central,Technology,Wireless Headset,Retail Store,10,162.12,0.0,1621.19,1164.2,456.99,Purchase Order,5.0,False,A. Cruz,3,Referral,
ORD-100110,2025-07-06,CUST-1137,Consumer,East,Office Supplies,Printer Toner,Partner,10,167.59,0.05,1592.1,1131.9,460.2,Bank Transfer,3.2,False,F. Tan,8,Direct,
ORD-100111,2025-10-20,CUST-1052,Corporate,South,Services,Support Contract,Corporate Sales,5,1305.95,0.1,5876.78,3953.1,1923.68,Credit Card,4.3,False,H. Navarro,7,Social,
ORD-100112,2025-10-11,CUST-1116,Corporate,South,Technology,Cloud Security Suite,Partner,2,821.9,0.05,1561.61,1025.28,536.33,Credit Card,3.6,False,D. Lim,3,Referral,
ORD-100113,2025-06-28,CUST-1021,Small Business,South,Technology,4K Monitor,Online,1,490.66,0.1,441.59,258.59,183.0,Mobile Wallet,3.7,False,B. Santos,4,Direct,Priority client
ORD-100114,2025-11-29,CUST-1036,Corporate,West,Furniture,Standing Desk,Partner,3,580.97,0.0,1742.9,1302.32,440.57,Credit Card,4.7,False,B. Santos,8,Email,New account
ORD-100115,2025-05-12,CUST-1074,Consumer,East,Office Supplies,Ink Cartridge Pack,Online,9,132.33,0.2,952.75,753.24,199.51,Credit Card,4.7,False,D. Lim,7,Referral,
ORD-100116,2025-11-24,CUST-1132,Corporate,South,Services,Consulting Hours,Retail Store,2,172.15,0.1,309.88,192.92,116.95,Mobile Wallet,4.6,False,G. Ramos,1,Email,New account
ORD-100117,2025-11-11,CUST-1093,Consumer,Central,Furniture,Standing Desk,Online,10,660.53,0.1,5944.75,4599.1,1345.65,Purchase Order,4.1,False,H. Navarro,2,Email,Follow-up required
ORD-100118,2025-11-22,CUST-1027,Corporate,East,Services,Training Package,Retail Store,5,438.48,0.2,1753.93,1344.1,409.82,Credit Card,4.2,True,F. Tan,5,Trade Show,
ORD-100119,2025-06-23,CUST-1118,Consumer,East,Office Supplies,Printer Toner,Retail Store,12,163.62,0.1,1767.09,1419.65,347.44,Credit Card,,False,D. Lim,3,Email,
ORD-100120,2025-06-11,CUST-1049,Small Business,East,Furniture,Storage Shelf,Online,7,314.0,0.15,1868.31,1421.95,446.36,Mobile Wallet,4.9,False,E. Garcia,1,Email,
ORD-100121,2025-07-08,CUST-1048,Small Business,West,Services,Support Contract,Corporate Sales,12,1104.75,0.1,11931.3,9504.62,2426.67,Mobile Wallet,5.0,False,B. Santos,7,Direct,
ORD-100122,2025-08-06,CUST-1021,Small Business,East,Technology,4K Monitor,Corporate Sales,10,442.48,0.0,4424.81,3517.39,907.41,Purchase Order,4.1,False,G. Ramos,6,Search,
ORD-100123,2025-12-20,CUST-1112,Small Business,North,Services,Training Package,Online,8,440.03,0.0,3520.23,2050.89,1469.34,Purchase Order,4.3,False,F. Tan,6,Trade Show,Follow-up required
ORD-100124,2025-12-14,CUST-1033,Consumer,South,Office Supplies,Premium Paper,Corporate Sales,3,42.51,0.15,108.41,77.8,30.61,Mobile Wallet,4.0,False,G. Ramos,8,Trade Show,
ORD-100125,2025-01-17,CUST-1036,Corporate,East,Office Supplies,Printer Toner,Partner,6,173.46,0.05,988.7,679.86,308.84,Mobile Wallet,3.3,False,E. Garcia,2,Search,Follow-up required
ORD-100126,2025-02-28,CUST-1068,Small Business,West,Technology,Business Tablet,Retail Store,8,723.12,0.15,4917.2,3739.88,1177.33,Mobile Wallet,3.2,False,H. Navarro,9,Search,
ORD-100127,2025-03-04,CUST-1082,Corporate,East,Office Supplies,Premium Paper,Online,8,41.27,0.0,330.19,254.09,76.11,Mobile Wallet,4.1,False,E. Garcia,8,Search,
ORD-100128,2025-12-31,CUST-1036,Consumer,West,Office Supplies,Ergonomic Notebook,Online,9,16.41,0.0,147.66,105.12,42.54,Mobile Wallet,3.4,False,F. Tan,4,Referral,
ORD-100129,2025-10-10,CUST-1106,Small Business,Central,Office Supplies,Desk Organizer,Online,2,28.66,0.0,57.32,45.46,11.86,Bank Transfer,3.5,False,F. Tan,8,Direct,Follow-up required
ORD-100130,2025-02-07,CUST-1151,Consumer,South,Services,Support Contract,Partner,11,1114.32,0.15,10418.87,7947.13,2471.75,Credit Card,3.9,False,B. Santos,9,Trade Show,New account
ORD-100131,2025-03-20,CUST-1133,Small Business,North,Furniture,Standing Desk,Corporate Sales,3,643.87,0.05,1835.03,1108.86,726.18,Bank Transfer,4.3,False,E. Garcia,4,Search,
ORD-100132,2025-11-17,CUST-1149,Consumer,South,Furniture,Storage Shelf,Corporate Sales,9,273.45,0.0,2461.06,1912.85,548.21,Credit Card,3.7,False,A. Cruz,3,Email,Follow-up required
ORD-100133,2025-01-24,CUST-1140,Small Business,East,Furniture,Standing Desk,Partner,10,654.95,0.1,5894.51,3533.9,2360.61,Bank Transfer,3.0,False,G. Ramos,1,Social,Priority client
ORD-100134,2025-08-21,CUST-1088,Corporate,South,Technology,Laptop Pro 14,Corporate Sales,3,1380.27,0.1,3726.72,3008.73,717.99,Mobile Wallet,3.0,False,F. Tan,8,Referral,
ORD-100135,2025-03-08,CUST-1069,Small Business,South,Furniture,Storage Shelf,Retail Store,9,328.06,0.0,2952.57,2246.34,706.22,Credit Card,3.6,False,A. Cruz,8,Social,
ORD-100136,2025-07-16,CUST-1041,Small Business,Central,Services,Installation Service,Partner,3,263.86,0.05,751.99,536.94,215.06,Purchase Order,3.9,False,E. Garcia,6,Referral,
ORD-100137,2025-01-12,CUST-1091,Consumer,North,Technology,4K Monitor,Corporate Sales,9,452.04,0.1,3661.55,2920.18,741.37,Purchase Order,4.1,False,H. Navarro,4,Social,Follow-up required
ORD-100138,2025-10-02,CUST-1104,Small Business,North,Technology,Laptop Pro 14,Partner,7,1172.05,0.0,8204.35,5681.33,2523.01,Credit Card,3.3,False,D. Lim,6,Social,
ORD-100139,2025-10-11,CUST-1160,Corporate,Central,Furniture,Executive Chair,Online,7,445.61,0.15,2651.36,1613.39,1037.96,Bank Transfer,4.3,False,B. Santos,9,Referral,
ORD-100140,2025-07-11,CUST-1129,Consumer,North,Furniture,Storage Shelf,Online,6,313.71,0.0,1882.28,1355.26,527.02,Bank Transfer,3.5,False,F. Tan,9,Referral,Priority client
ORD-100141,2025-09-23,CUST-1042,Small Business,Central,Services,Installation Service,Corporate Sales,10,273.11,0.15,2321.42,1555.28,766.14,Mobile Wallet,4.6,False,H. Navarro,10,Direct,
ORD-100142,2025-10-16,CUST-1150,Small Business,North,Furniture,Meeting Table,Partner,1,754.83,0.05,717.09,581.68,135.41,Mobile Wallet,3.8,False,D. Lim,2,Direct,Priority client
ORD-100143,2025-01-27,CUST-1063,Consumer,Central,Services,Installation Service,Online,9,225.61,0.2,1624.38,1320.25,304.13,Bank Transfer,4.3,False,A. Cruz,7,Referral,
ORD-100144,2025-06-10,CUST-1157,Small Business,North,Services,Installation Service,Retail Store,7,228.69,0.2,1280.66,913.02,367.65,Bank Transfer,4.1,False,F. Tan,9,Direct,
ORD-100145,2025-09-02,CUST-1091,Corporate,East,Services,Training Package,Partner,3,492.24,0.1,1329.04,937.7,391.34,Bank Transfer,5.0,False,D. Lim,6,Social,Follow-up required
ORD-100146,2025-10-13,CUST-1123,Small Business,Central,Furniture,Standing Desk,Corporate Sales,5,623.28,0.05,2960.59,2163.05,797.54,Mobile Wallet,4.8,False,B. Santos,8,Trade Show,
ORD-100147,2025-12-13,CUST-1021,Small Business,West,Services,Support Contract,Corporate Sales,6,1220.24,0.0,7321.41,5829.88,1491.53,Purchase Order,5.0,False,D. Lim,5,Search,New account
ORD-100148,2025-10-03,CUST-1151,Consumer,South,Furniture,Storage Shelf,Online,12,285.69,0.05,3256.84,2036.01,1220.83,Bank Transfer,3.5,False,D. Lim,10,Email,New account
ORD-100149,2025-02-21,CUST-1141,Consumer,West,Services,Training Package,Partner,12,446.73,0.1,4824.71,3207.49,1617.22,Purchase Order,3.5,False,D. Lim,3,Social,
ORD-100150,2025-06-14,CUST-1010,Consumer,West,Furniture,Executive Chair,Retail Store,2,535.4,0.2,856.63,699.6,157.03,Credit Card,4.2,False,G. Ramos,9,Referral,New account
ORD-100151,2025-04-06,CUST-1073,Small Business,Central,Furniture,Executive Chair,Partner,1,508.38,0.05,482.96,342.26,140.7,Bank Transfer,4.8,False,H. Navarro,2,Social,
ORD-100152,2025-04-09,CUST-1048,Consumer,East,Technology,Wireless Headset,Corporate Sales,3,154.5,0.2,370.81,229.54,141.27,Bank Transfer,3.7,False,C. Reyes,5,Trade Show,New account
ORD-100153,2025-11-24,CUST-1036,Small Business,East,Services,Support Contract,Retail Store,9,1298.62,0.05,11103.22,8631.74,2471.48,Credit Card,3.1,False,E. Garcia,2,Referral,
ORD-100154,2025-05-01,CUST-1067,Corporate,East,Services,Training Package,Retail Store,6,488.95,0.05,2786.99,2195.74,591.25,Credit Card,5.0,False,B. Santos,10,Referral,
ORD-100155,2025-06-07,CUST-1031,Corporate,East,Office Supplies,Printer Toner,Corporate Sales,11,153.63,0.15,1436.43,842.22,594.21,Bank Transfer,5.0,False,D. Lim,5,Search,New account
ORD-100156,2025-09-02,CUST-1138,Corporate,South,Office Supplies,Printer Toner,Retail Store,12,185.47,0.15,1891.79,1165.53,726.26,Credit Card,3.7,False,H. Navarro,9,Trade Show,Priority client
ORD-100157,2025-12-27,CUST-1138,Consumer,South,Furniture,Executive Chair,Corporate Sales,10,498.21,0.0,4982.06,3345.02,1637.04,Purchase Order,4.0,True,B. Santos,11,Direct,Follow-up required
ORD-100158,2025-04-16,CUST-1132,Small Business,West,Services,Consulting Hours,Online,9,176.93,0.1,1433.16,925.27,507.89,Purchase Order,5.0,False,E. Garcia,8,Direct,
ORD-100159,2025-01-12,CUST-1109,Small Business,North,Services,Training Package,Online,1,410.07,0.2,328.06,258.36,69.7,Credit Card,4.1,False,H. Navarro,2,Email,
ORD-100160,2025-05-27,CUST-1098,Small Business,West,Services,Installation Service,Partner,3,263.45,0.2,632.28,510.09,122.19,Credit Card,4.1,False,C. Reyes,7,Direct,
ORD-100161,2025-06-28,CUST-1001,Consumer,East,Technology,Business Tablet,Partner,9,747.88,0.1,6057.83,3873.16,2184.68,Purchase Order,3.3,False,G. Ramos,4,Search,
ORD-100162,2025-05-07,CUST-1108,Corporate,North,Services,Training Package,Retail Store,3,490.86,0.05,1398.96,1014.92,384.04,Bank Transfer,4.0,False,B. Santos,2,Email,
ORD-100163,2025-11-01,CUST-1012,Small Business,West,Technology,4K Monitor,Retail Store,10,434.09,0.2,3472.72,2574.0,898.71,Bank Transfer,2.9,False,A. Cruz,1,Search,
ORD-100164,2025-09-15,CUST-1083,Consumer,East,Furniture,Standing Desk,Retail Store,12,580.39,0.15,5919.93,4387.72,1532.21,Bank Transfer,5.0,False,G. Ramos,10,Social,
ORD-100165,2025-05-21,CUST-1127,Consumer,East,Technology,Cloud Security Suite,Partner,10,902.65,0.2,7221.21,5526.8,1694.41,Mobile Wallet,5.0,False,G. Ramos,7,Referral,Follow-up required
ORD-100166,2025-03-18,CUST-1037,Small Business,North,Furniture,Meeting Table,Partner,3,807.29,0.15,2058.6,1471.13,587.47,Purchase Order,4.2,False,C. Reyes,4,Referral,
ORD-100167,2025-05-05,CUST-1095,Consumer,Central,Furniture,Standing Desk,Retail Store,6,676.38,0.2,3246.64,2197.44,1049.2,Credit Card,4.6,False,E. Garcia,8,Referral,
ORD-100168,2025-12-11,CUST-1123,Consumer,East,Technology,Laptop Pro 14,Corporate Sales,4,1352.02,0.15,4596.87,2901.14,1695.73,Credit Card,5.0,False,D. Lim,9,Search,
ORD-100169,2025-03-02,CUST-1142,Small Business,East,Services,Installation Service,Partner,12,231.82,0.15,2364.55,1379.69,984.86,Purchase Order,4.9,False,F. Tan,7,Social,
ORD-100170,2025-05-14,CUST-1082,Consumer,East,Furniture,Storage Shelf,Corporate Sales,8,292.56,0.1,2106.4,1442.87,663.53,Purchase Order,2.8,False,A. Cruz,8,Trade Show,
ORD-100171,2025-04-24,CUST-1107,Small Business,South,Office Supplies,Premium Paper,Retail Store,5,42.15,0.15,179.15,118.88,60.27,Mobile Wallet,5.0,False,D. Lim,10,Referral,New account
ORD-100172,2025-10-19,CUST-1126,Corporate,West,Office Supplies,Printer Toner,Partner,9,165.5,0.2,1191.62,869.05,322.57,Bank Transfer,4.2,False,F. Tan,6,Search,
ORD-100173,2025-03-13,CUST-1020,Corporate,North,Services,Installation Service,Online,9,268.12,0.2,1930.45,1559.58,370.87,Purchase Order,2.8,False,C. Reyes,9,Direct,
ORD-100174,2025-04-29,CUST-1159,Corporate,Central,Technology,Business Tablet,Partner,1,693.29,0.0,693.29,565.17,128.11,Purchase Order,4.1,False,A. Cruz,6,Email,
ORD-100175,2025-09-30,CUST-1005,Corporate,West,Services,Consulting Hours,Retail Store,1,179.73,0.15,152.77,100.66,52.11,Credit Card,3.1,False,B. Santos,9,Trade Show,
ORD-100176,2025-03-18,CUST-1102,Consumer,East,Office Supplies,Ink Cartridge Pack,Partner,10,118.06,0.15,1003.49,613.06,390.43,Purchase Order,4.6,False,D. Lim,6,Direct,
ORD-100177,2025-04-26,CUST-1098,Small Business,Central,Furniture,Executive Chair,Partner,11,452.62,0.2,3983.08,2455.4,1527.68,Credit Card,4.4,False,A. Cruz,2,Direct,Priority client
ORD-100178,2025-03-29,CUST-1025,Corporate,North,Technology,4K Monitor,Retail Store,7,429.8,0.2,2406.86,1595.65,811.21,Bank Transfer,3.4,False,H. Navarro,10,Social,
ORD-100179,2025-01-24,CUST-1081,Consumer,South,Technology,Wireless Headset,Retail Store,9,160.82,0.15,1230.31,853.53,376.78,Purchase Order,3.4,False,B. Santos,3,Social,
ORD-100180,2025-03-25,CUST-1036,Corporate,North,Office Supplies,Desk Organizer,Corporate Sales,7,27.22,0.2,152.41,89.89,62.52,Credit Card,4.5,False,B. Santos,6,Referral,Priority client
ORD-100181,2025-04-29,CUST-1084,Consumer,East,Technology,Wireless Headset,Partner,10,139.13,0.15,1182.64,765.01,417.64,Purchase Order,4.0,False,D. Lim,7,Social,
ORD-100182,2025-10-11,CUST-1159,Small Business,South,Services,Support Contract,Online,3,1129.52,0.2,2710.85,1809.29,901.56,Credit Card,3.3,False,E. Garcia,7,Search,
ORD-100183,2025-07-14,CUST-1114,Small Business,East,Office Supplies,Printer Toner,Online,6,169.12,0.05,963.96,718.82,245.14,Bank Transfer,3.6,False,B. Santos,1,Search,
ORD-100184,2025-08-09,CUST-1091,Corporate,North,Services,Data Migration,Corporate Sales,9,1020.98,0.15,7810.5,6256.28,1554.22,Purchase Order,4.3,False,A. Cruz,1,Social,
ORD-100185,2025-07-31,CUST-1134,Consumer,West,Services,Consulting Hours,Retail Store,12,164.2,0.15,1674.83,1082.69,592.13,Bank Transfer,4.6,False,E. Garcia,4,Social,Follow-up required
ORD-100186,2025-05-18,CUST-1124,Consumer,East,Services,Installation Service,Corporate Sales,2,234.23,0.0,468.45,295.24,173.21,Bank Transfer,4.7,False,H. Navarro,7,Trade Show,
ORD-100187,2025-11-12,CUST-1159,Small Business,East,Office Supplies,Printer Toner,Partner,2,164.62,0.0,329.24,229.25,100.0,Mobile Wallet,3.0,False,G. Ramos,7,Direct,
ORD-100188,2025-11-01,CUST-1081,Consumer,West,Office Supplies,Ergonomic Notebook,Corporate Sales,6,17.87,0.15,91.11,69.19,21.92,Mobile Wallet,5.0,False,H. Navarro,4,Trade Show,Priority client
ORD-100189,2025-05-05,CUST-1152,Corporate,South,Furniture,Meeting Table,Online,5,724.96,0.1,3262.33,2089.8,1172.53,Purchase Order,4.5,False,D. Lim,10,Referral,
ORD-100190,2025-05-30,CUST-1065,Corporate,South,Technology,4K Monitor,Partner,11,460.07,0.1,4554.71,3223.4,1331.31,Purchase Order,4.3,False,B. Santos,5,Referral,
ORD-100191,2025-11-03,CUST-1010,Small Business,Central,Services,Data Migration,Online,7,875.36,0.15,5208.41,3580.15,1628.26,Credit Card,2.9,False,D. Lim,7,Direct,Follow-up required
ORD-100192,2025-12-07,CUST-1111,Consumer,North,Furniture,Standing Desk,Online,11,599.97,0.15,5609.73,3761.59,1848.13,Mobile Wallet,4.3,True,D. Lim,10,Trade Show,
ORD-100193,2025-09-23,CUST-1129,Consumer,East,Office Supplies,Printer Toner,Online,6,152.78,0.1,825.0,542.27,282.73,Purchase Order,3.6,False,B. Santos,10,Social,New account
ORD-100194,2025-08-01,CUST-1053,Corporate,West,Technology,Laptop Pro 14,Corporate Sales,12,1200.21,0.0,14402.57,11431.7,2970.87,Purchase Order,3.3,False,B. Santos,6,Referral,Priority client
ORD-100195,2025-12-23,CUST-1088,Corporate,North,Services,Training Package,Retail Store,2,458.42,0.05,871.0,647.14,223.86,Bank Transfer,4.1,True,C. Reyes,3,Trade Show,
ORD-100196,2025-03-23,CUST-1048,Consumer,West,Furniture,Storage Shelf,Partner,7,274.3,0.1,1728.08,1225.04,503.03,Credit Card,5.0,False,D. Lim,7,Referral,New account
ORD-100197,2025-10-31,CUST-1017,Corporate,North,Services,Support Contract,Retail Store,1,1220.84,0.2,976.67,741.2,235.47,Mobile Wallet,3.3,False,F. Tan,5,Search,
ORD-100198,2025-08-23,CUST-1100,Corporate,West,Technology,Wireless Headset,Online,11,142.56,0.1,1411.31,941.54,469.77,Mobile Wallet,4.0,False,F. Tan,6,Referral,Follow-up required
ORD-100199,2025-11-13,CUST-1031,Consumer,East,Office Supplies,Ergonomic Notebook,Online,10,18.53,0.15,157.47,112.9,44.56,Bank Transfer,3.1,False,F. Tan,3,Direct,
ORD-100200,2025-03-14,CUST-1125,Corporate,Central,Services,Support Contract,Retail Store,10,1104.43,0.0,11044.28,6810.85,4233.42,Bank Transfer,4.5,False,H. Navarro,7,Social,
ORD-100201,2025-03-13,CUST-1035,Consumer,West,Office Supplies,Ergonomic Notebook,Partner,8,17.09,0.15,116.18,71.87,44.32,Purchase Order,3.7,True,H. Navarro,7,Referral,
ORD-100202,2025-12-30,CUST-1009,Small Business,South,Services,Support Contract,Corporate Sales,3,1121.61,0.0,3364.83,2675.79,689.04,Bank Transfer,3.5,False,H. Navarro,4,Trade Show,
ORD-100203,2025-09-11,CUST-1011,Corporate,West,Technology,Cloud Security Suite,Retail Store,2,823.53,0.05,1564.7,1104.49,460.21,Purchase Order,4.3,False,B. Santos,6,Direct,Follow-up required
ORD-100204,2025-12-01,CUST-1031,Consumer,South,Office Supplies,Ergonomic Notebook,Corporate Sales,1,16.6,0.1,14.94,10.09,4.85,Purchase Order,4.1,False,C. Reyes,2,Trade Show,Priority client
ORD-100205,2025-03-13,CUST-1138,Consumer,East,Office Supplies,Ink Cartridge Pack,Corporate Sales,1,141.11,0.15,119.95,94.48,25.46,Mobile Wallet,3.7,False,E. Garcia,5,Trade Show,Follow-up required
ORD-100206,2025-12-14,CUST-1034,Consumer,South,Technology,Business Tablet,Corporate Sales,7,652.99,0.0,4570.93,3384.66,1186.27,Bank Transfer,4.7,False,G. Ramos,3,Referral,New account
ORD-100207,2025-03-14,CUST-1132,Corporate,East,Furniture,Meeting Table,Corporate Sales,7,867.61,0.1,5465.97,3900.64,1565.33,Purchase Order,2.8,False,H. Navarro,2,Social,Priority client
ORD-100208,2025-10-25,CUST-1017,Corporate,West,Technology,Laptop Pro 14,Retail Store,12,1369.01,0.1,14785.35,9239.23,5546.13,Purchase Order,4.5,False,D. Lim,6,Referral,
ORD-100209,2025-05-18,CUST-1125,Small Business,North,Furniture,Filing Cabinet,Online,6,211.28,0.15,1077.51,734.98,342.54,Credit Card,2.9,False,H. Navarro,10,Email,
ORD-100210,2025-03-05,CUST-1034,Corporate,East,Office Supplies,Printer Toner,Retail Store,8,155.98,0.0,1247.85,906.63,341.23,Mobile Wallet,4.1,False,B. Santos,7,Direct,
ORD-100211,2025-07-04,CUST-1102,Corporate,East,Furniture,Executive Chair,Retail Store,6,468.33,0.2,2247.97,1617.41,630.56,Purchase Order,4.1,False,B. Santos,3,Direct,
ORD-100212,2025-02-18,CUST-1114,Consumer,North,Technology,Business Tablet,Corporate Sales,8,703.56,0.0,5628.45,3334.5,2293.94,Credit Card,3.2,False,G. Ramos,4,Direct,Follow-up required
ORD-100213,2025-03-09,CUST-1081,Small Business,East,Services,Consulting Hours,Retail Store,4,174.12,0.1,626.82,383.78,243.05,Purchase Order,4.9,False,C. Reyes,2,Direct,
ORD-100214,2025-12-13,CUST-1055,Corporate,South,Office Supplies,Premium Paper,Partner,9,37.09,0.15,283.71,210.96,72.75,Purchase Order,3.7,True,D. Lim,7,Email,
ORD-100215,2025-02-21,CUST-1036,Consumer,East,Office Supplies,Premium Paper,Online,10,41.03,0.2,328.24,237.3,90.94,Bank Transfer,2.2,False,E. Garcia,7,Direct,
ORD-100216,2025-01-14,CUST-1014,Consumer,West,Furniture,Standing Desk,Partner,9,609.99,0.15,4666.41,3747.53,918.88,Credit Card,3.5,False,D. Lim,7,Referral,
ORD-100217,2025-11-23,CUST-1146,Small Business,East,Technology,Cloud Security Suite,Retail Store,1,958.45,0.05,910.52,738.99,171.54,Purchase Order,4.4,False,B. Santos,3,Email,Priority client
ORD-100218,2025-10-28,CUST-1074,Corporate,Central,Technology,Laptop Pro 14,Partner,5,1412.88,0.0,7064.4,4404.63,2659.78,Purchase Order,3.6,True,G. Ramos,5,Email,Follow-up required
ORD-100219,2025-11-24,CUST-1040,Corporate,East,Office Supplies,Ergonomic Notebook,Partner,2,16.44,0.05,31.23,23.67,7.56,Credit Card,5.0,False,E. Garcia,4,Direct,
ORD-100220,2025-08-12,CUST-1157,Corporate,North,Office Supplies,Premium Paper,Corporate Sales,4,36.19,0.0,144.76,111.59,33.17,Bank Transfer,4.3,False,B. Santos,2,Email,Priority client
ORD-100221,2025-12-29,CUST-1067,Consumer,East,Office Supplies,Premium Paper,Retail Store,3,36.67,0.1,99.02,61.32,37.7,Mobile Wallet,4.4,False,B. Santos,9,Email,
ORD-100222,2025-06-21,CUST-1020,Small Business,West,Services,Training Package,Corporate Sales,9,464.87,0.0,4183.81,2951.83,1231.98,Credit Card,3.8,False,H. Navarro,10,Trade Show,New account
ORD-100223,2025-03-27,CUST-1131,Consumer,North,Furniture,Standing Desk,Online,5,611.24,0.0,3056.2,2416.02,640.19,Bank Transfer,5.0,False,A. Cruz,2,Referral,
ORD-100224,2025-07-06,CUST-1083,Consumer,West,Services,Installation Service,Corporate Sales,3,246.96,0.0,740.87,496.73,244.14,Mobile Wallet,3.8,False,B. Santos,7,Trade Show,
ORD-100225,2025-07-10,CUST-1103,Consumer,West,Technology,Cloud Security Suite,Corporate Sales,11,892.29,0.0,9815.19,6402.75,3412.44,Mobile Wallet,4.1,False,F. Tan,9,Email,
ORD-100226,2025-10-11,CUST-1160,Consumer,West,Services,Consulting Hours,Corporate Sales,6,170.36,0.0,1022.16,813.53,208.62,Purchase Order,5.0,False,D. Lim,5,Direct,New account
ORD-100227,2025-10-07,CUST-1003,Small Business,North,Office Supplies,Ink Cartridge Pack,Partner,1,126.0,0.1,113.4,80.57,32.84,Mobile Wallet,4.3,True,B. Santos,12,Search,New account
ORD-100228,2025-09-29,CUST-1072,Consumer,North,Office Supplies,Printer Toner,Retail Store,8,156.05,0.0,1248.41,1005.67,242.74,Purchase Order,4.7,False,F. Tan,3,Referral,New account
ORD-100229,2025-02-13,CUST-1146,Consumer,West,Technology,Cloud Security Suite,Retail Store,3,921.96,0.2,2212.71,1461.22,751.49,Bank Transfer,4.4,False,E. Garcia,2,Social,Follow-up required
ORD-100230,2025-06-11,CUST-1035,Corporate,North,Services,Training Package,Retail Store,6,460.81,0.1,2488.36,1761.83,726.52,Credit Card,3.8,False,C. Reyes,2,Referral,
ORD-100231,2025-08-27,CUST-1079,Small Business,East,Furniture,Meeting Table,Online,2,861.94,0.15,1465.3,1127.21,338.1,Credit Card,3.8,False,C. Reyes,4,Direct,Priority client
ORD-100232,2025-06-05,CUST-1102,Corporate,North,Technology,Business Tablet,Corporate Sales,6,663.84,0.0,3983.03,3021.32,961.71,Mobile Wallet,3.5,False,C. Reyes,4,Email,
ORD-100233,2025-07-27,CUST-1036,Consumer,North,Services,Data Migration,Online,12,861.37,0.15,8785.99,6297.56,2488.42,Bank Transfer,4.5,False,C. Reyes,8,Search,
ORD-100234,2025-07-25,CUST-1017,Consumer,West,Furniture,Executive Chair,Retail Store,10,473.56,0.15,4025.22,3128.01,897.22,Credit Card,4.4,False,F. Tan,2,Email,
ORD-100235,2025-01-22,CUST-1008,Small Business,West,Services,Consulting Hours,Retail Store,3,165.98,0.15,423.26,331.47,91.78,Mobile Wallet,3.9,False,D. Lim,7,Search,Priority client
ORD-100236,2025-05-21,CUST-1076,Small Business,West,Furniture,Meeting Table,Partner,3,846.51,0.0,2539.52,1564.3,975.23,Credit Card,3.4,False,B. Santos,10,Social,
ORD-100237,2025-07-16,CUST-1140,Consumer,West,Office Supplies,Printer Toner,Corporate Sales,4,159.85,0.2,511.52,385.35,126.17,Purchase Order,4.8,False,H. Navarro,9,Social,
ORD-100238,2025-10-17,CUST-1072,Consumer,West,Furniture,Meeting Table,Corporate Sales,5,829.99,0.0,4149.96,2947.53,1202.44,Bank Transfer,5.0,True,C. Reyes,12,Email,
ORD-100239,2025-05-07,CUST-1045,Consumer,South,Office Supplies,Ergonomic Notebook,Corporate Sales,9,17.11,0.2,123.17,81.66,41.51,Mobile Wallet,2.8,True,A. Cruz,8,Direct,
ORD-100240,2025-12-25,CUST-1127,Corporate,East,Furniture,Storage Shelf,Retail Store,10,296.73,0.0,2967.28,2395.63,571.65,Purchase Order,5.0,False,A. Cruz,4,Email,
ORD-100241,2025-01-29,CUST-1158,Consumer,South,Office Supplies,Desk Organizer,Corporate Sales,4,26.99,0.0,107.96,77.8,30.15,Bank Transfer,5.0,False,F. Tan,1,Email,
ORD-100242,2025-01-12,CUST-1094,Consumer,East,Office Supplies,Desk Organizer,Partner,12,26.21,0.0,314.46,248.21,66.25,Credit Card,4.2,False,F. Tan,9,Social,
ORD-100243,2025-06-15,CUST-1082,Consumer,Central,Office Supplies,Ink Cartridge Pack,Corporate Sales,12,140.15,0.1,1513.61,1083.18,430.42,Bank Transfer,4.5,False,C. Reyes,8,Referral,
ORD-100244,2025-06-07,CUST-1146,Consumer,South,Furniture,Standing Desk,Corporate Sales,3,655.07,0.2,1572.17,969.41,602.76,Bank Transfer,4.3,True,B. Santos,14,Referral,
ORD-100245,2025-03-14,CUST-1023,Corporate,East,Furniture,Executive Chair,Partner,4,496.46,0.05,1886.55,1368.9,517.65,Credit Card,5.0,False,E. Garcia,3,Search,New account
ORD-100246,2025-05-08,CUST-1113,Corporate,West,Technology,Wireless Headset,Retail Store,5,161.94,0.0,809.72,649.51,160.21,Purchase Order,3.7,False,H. Navarro,1,Referral,
ORD-100247,2025-06-29,CUST-1116,Consumer,North,Services,Consulting Hours,Corporate Sales,8,178.23,0.15,1211.97,735.88,476.09,Credit Card,4.1,False,F. Tan,4,Social,
ORD-100248,2025-02-23,CUST-1024,Small Business,Central,Technology,Wireless Headset,Partner,3,151.72,0.1,409.64,276.82,132.82,Credit Card,4.9,False,G. Ramos,2,Direct,Follow-up required
ORD-100249,2025-03-26,CUST-1142,Corporate,Central,Services,Installation Service,Corporate Sales,1,227.74,0.0,227.74,150.41,77.33,Mobile Wallet,3.3,False,E. Garcia,4,Search,Priority client
ORD-100250,2025-02-19,CUST-1093,Consumer,West,Technology,4K Monitor,Online,10,462.43,0.15,3930.68,3147.55,783.13,Mobile Wallet,2.9,False,H. Navarro,3,Search,
ORD-100251,2025-02-19,CUST-1030,Small Business,West,Technology,Business Tablet,Partner,3,677.52,0.2,1626.05,1078.51,547.54,Purchase Order,3.8,False,E. Garcia,2,Email,
ORD-100252,2025-11-25,CUST-1068,Small Business,West,Services,Installation Service,Corporate Sales,6,236.23,0.1,1275.64,878.39,397.25,Bank Transfer,5.0,False,E. Garcia,8,Trade Show,
ORD-100253,2025-02-01,CUST-1151,Consumer,Central,Office Supplies,Premium Paper,Online,2,36.2,0.2,57.92,36.04,21.87,Purchase Order,,False,G. Ramos,9,Trade Show,Priority client
ORD-100254,2025-12-18,CUST-1009,Corporate,Central,Services,Data Migration,Retail Store,4,1028.82,0.1,3703.75,2470.31,1233.44,Credit Card,4.1,False,H. Navarro,7,Search,
ORD-100255,2025-03-27,CUST-1038,Corporate,East,Office Supplies,Ink Cartridge Pack,Corporate Sales,3,131.08,0.0,393.24,287.75,105.49,Credit Card,3.9,False,B. Santos,7,Referral,
ORD-100256,2025-10-12,CUST-1160,Corporate,Central,Services,Data Migration,Partner,6,871.22,0.05,4965.93,4068.34,897.59,Credit Card,3.3,False,G. Ramos,1,Search,
ORD-100257,2025-03-17,CUST-1106,Small Business,West,Technology,Laptop Pro 14,Partner,10,1299.57,0.0,12995.7,9394.49,3601.21,Purchase Order,4.1,False,A. Cruz,9,Search,
ORD-100258,2025-05-22,CUST-1102,Small Business,South,Services,Installation Service,Online,10,235.5,0.15,2001.71,1592.43,409.28,Purchase Order,4.1,False,E. Garcia,7,Social,
ORD-100259,2025-01-11,CUST-1059,Consumer,East,Furniture,Filing Cabinet,Partner,5,206.09,0.05,978.9,612.56,366.34,Mobile Wallet,4.1,False,E. Garcia,2,Direct,
ORD-100260,2025-08-02,CUST-1125,Corporate,East,Technology,Business Tablet,Online,8,708.06,0.0,5664.52,3374.75,2289.77,Bank Transfer,3.7,False,B. Santos,7,Social,New account
ORD-100261,2025-12-30,CUST-1015,Consumer,North,Services,Installation Service,Partner,9,263.78,0.15,2017.89,1389.9,627.99,Credit Card,2.1,True,F. Tan,6,,
ORD-100262,2025-04-12,CUST-1008,Consumer,East,Furniture,Filing Cabinet,Partner,8,214.65,0.15,1459.64,1042.64,417.0,Purchase Order,4.9,False,C. Reyes,2,Referral,New account
ORD-100263,2025-10-28,CUST-1008,Small Business,North,Furniture,Filing Cabinet,Retail Store,3,203.9,0.05,581.11,362.42,218.69,Bank Transfer,3.0,False,D. Lim,2,Direct,
ORD-100264,2025-04-26,CUST-1034,Corporate,South,Office Supplies,Ergonomic Notebook,Online,11,18.52,0.1,183.33,124.32,59.02,Bank Transfer,3.5,False,E. Garcia,1,Trade Show,Priority client
ORD-100265,2025-06-06,CUST-1078,Corporate,Central,Furniture,Meeting Table,Partner,7,723.16,0.05,4808.99,2969.44,1839.55,Credit Card,4.8,False,A. Cruz,4,Trade Show,
ORD-100266,2025-12-06,CUST-1028,Small Business,North,Furniture,Storage Shelf,Corporate Sales,11,270.72,0.15,2531.24,1602.96,928.27,Mobile Wallet,5.0,False,F. Tan,5,Social,New account
ORD-100267,2025-05-14,CUST-1154,Small Business,East,Furniture,Standing Desk,Retail Store,3,595.17,0.15,1517.68,1124.99,392.69,Credit Card,3.7,False,H. Navarro,1,Social,
ORD-100268,2025-05-13,CUST-1057,Corporate,Central,Services,Support Contract,Partner,7,1236.66,0.2,6925.29,4412.55,2512.75,Mobile Wallet,4.5,True,E. Garcia,12,Search,
ORD-100269,2025-12-03,CUST-1144,Consumer,East,Office Supplies,Ergonomic Notebook,Online,2,16.56,0.1,29.8,19.03,10.78,Bank Transfer,4.6,False,F. Tan,5,Search,New account
ORD-100270,2025-06-07,CUST-1031,Small Business,North,Services,Training Package,Online,6,479.72,0.05,2734.4,1846.61,887.79,Purchase Order,4.4,False,D. Lim,8,Trade Show,
ORD-100271,2025-03-03,CUST-1088,Small Business,Central,Services,Data Migration,Partner,5,981.94,0.1,4418.71,2780.24,1638.48,Bank Transfer,4.5,True,F. Tan,5,Direct,
ORD-100272,2025-04-03,CUST-1015,Consumer,West,Technology,4K Monitor,Corporate Sales,6,414.29,0.2,1988.61,1194.2,794.41,Bank Transfer,3.9,False,C. Reyes,6,Trade Show,New account
ORD-100273,2025-03-23,CUST-1110,Small Business,West,Services,Consulting Hours,Online,3,169.48,0.15,432.18,253.42,178.77,Credit Card,4.3,False,D. Lim,7,Direct,Priority client
ORD-100274,2025-07-11,CUST-1089,Small Business,South,Technology,Wireless Headset,Online,9,146.66,0.0,1319.93,1048.34,271.59,Purchase Order,3.2,True,E. Garcia,3,Search,
ORD-100275,2025-02-03,CUST-1087,Small Business,South,Technology,Wireless Headset,Corporate Sales,5,158.46,0.1,713.07,472.08,240.99,Purchase Order,3.6,False,F. Tan,10,Search,Follow-up required
ORD-100276,2025-03-26,CUST-1006,Corporate,Central,Services,Consulting Hours,Retail Store,4,183.25,0.0,733.0,472.3,260.7,Credit Card,3.0,False,F. Tan,3,Direct,
ORD-100277,2025-11-30,CUST-1153,Consumer,North,Technology,4K Monitor,Online,11,470.4,0.05,4915.65,3334.08,1581.57,Credit Card,2.5,False,B. Santos,10,Referral,
ORD-100278,2025-08-16,CUST-1003,Small Business,West,Services,Consulting Hours,Online,9,172.6,0.05,1475.74,1191.85,283.89,Mobile Wallet,5.0,False,C. Reyes,3,Referral,
ORD-100279,2025-02-23,CUST-1068,Corporate,South,Technology,Wireless Headset,Corporate Sales,2,156.86,0.0,313.71,192.5,121.21,Purchase Order,4.1,False,E. Garcia,10,Search,
ORD-100280,2025-01-21,CUST-1023,Consumer,Central,Services,Installation Service,Partner,12,269.73,0.1,2913.06,2248.78,664.28,Bank Transfer,4.9,False,B. Santos,1,Trade Show,
ORD-100281,2025-02-08,CUST-1119,Consumer,North,Technology,Wireless Headset,Retail Store,11,146.77,0.0,1614.48,945.11,669.38,Credit Card,4.3,False,E. Garcia,5,Social,
ORD-100282,2025-12-13,CUST-1036,Corporate,South,Furniture,Meeting Table,Corporate Sales,12,820.33,0.0,9843.96,6318.77,3525.19,Mobile Wallet,2.8,False,H. Navarro,1,Trade Show,
ORD-100283,2025-05-18,CUST-1070,Small Business,West,Technology,Wireless Headset,Partner,6,138.25,0.0,829.52,647.34,182.18,Bank Transfer,4.1,False,B. Santos,7,Search,Priority client
ORD-100284,2025-12-23,CUST-1146,Corporate,West,Technology,Business Tablet,Retail Store,2,653.1,0.1,1175.58,758.67,416.92,Purchase Order,4.4,False,F. Tan,8,Trade Show,
ORD-100285,2025-01-15,CUST-1017,Small Business,East,Office Supplies,Printer Toner,Online,8,152.72,0.0,1221.77,976.72,245.05,Bank Transfer,4.2,False,F. Tan,8,Trade Show,
ORD-100286,2025-09-25,CUST-1099,Consumer,Central,Technology,4K Monitor,Online,11,438.26,0.2,3856.67,2749.82,1106.85,Credit Card,3.4,False,C. Reyes,6,Trade Show,
ORD-100287,2025-08-29,CUST-1013,Corporate,South,Services,Installation Service,Partner,2,257.57,0.1,463.63,361.23,102.4,Purchase Order,4.3,False,D. Lim,6,Email,
ORD-100288,2025-08-24,CUST-1031,Small Business,North,Services,Data Migration,Online,8,969.1,0.0,7752.79,5734.03,2018.76,Purchase Order,4.8,False,G. Ramos,8,Email,
ORD-100289,2025-10-13,CUST-1053,Corporate,West,Technology,Laptop Pro 14,Corporate Sales,10,1214.66,0.15,10324.62,8254.11,2070.51,Mobile Wallet,2.7,False,A. Cruz,9,Search,Follow-up required
ORD-100290,2025-08-21,CUST-1116,Consumer,North,Furniture,Storage Shelf,Retail Store,10,300.13,0.15,2551.12,1508.4,1042.71,Credit Card,3.1,False,F. Tan,6,Social,New account
ORD-100291,2025-11-21,CUST-1127,Consumer,West,Furniture,Storage Shelf,Online,9,279.04,0.05,2385.82,1806.37,579.45,Mobile Wallet,4.2,False,D. Lim,1,Search,
ORD-100292,2025-03-03,CUST-1107,Consumer,Central,Services,Installation Service,Online,8,237.27,0.0,1898.14,1278.27,619.87,Purchase Order,3.5,False,H. Navarro,2,Direct,
ORD-100293,2025-10-29,CUST-1150,Small Business,Central,Office Supplies,Printer Toner,Retail Store,1,161.86,0.15,137.58,91.54,46.04,Bank Transfer,3.4,False,C. Reyes,9,Email,Priority client
ORD-100294,2025-07-18,CUST-1102,Small Business,East,Furniture,Storage Shelf,Partner,7,302.97,0.1,1908.72,1325.13,583.59,Bank Transfer,4.9,False,C. Reyes,4,Referral,
ORD-100295,2025-11-05,CUST-1056,Consumer,South,Furniture,Storage Shelf,Corporate Sales,6,308.79,0.2,1482.18,1192.92,289.26,Mobile Wallet,3.5,False,C. Reyes,9,Direct,New account
ORD-100296,2025-11-29,CUST-1091,Corporate,West,Office Supplies,Desk Organizer,Partner,9,26.28,0.2,189.22,121.66,67.56,Mobile Wallet,4.6,False,G. Ramos,2,Email,
ORD-100297,2025-09-25,CUST-1042,Small Business,East,Technology,Laptop Pro 14,Retail Store,7,1323.7,0.0,9265.91,5488.59,3777.32,Credit Card,5.0,True,E. Garcia,3,Search,
ORD-100298,2025-10-05,CUST-1058,Corporate,Central,Technology,Wireless Headset,Partner,8,144.06,0.0,1152.48,881.67,270.81,Bank Transfer,4.0,False,E. Garcia,9,Direct,
ORD-100299,2025-12-07,CUST-1014,Consumer,East,Technology,4K Monitor,Retail Store,7,422.89,0.1,2664.18,1593.27,1070.91,Purchase Order,4.1,False,D. Lim,6,Direct,Follow-up required
ORD-100300,2025-12-27,CUST-1115,Consumer,North,Furniture,Storage Shelf,Retail Store,9,310.27,0.2,2233.92,1528.8,705.12,Bank Transfer,5.0,False,B. Santos,4,Referral,
ORD-100301,2025-01-21,CUST-1066,Consumer,East,Services,Training Package,Partner,9,427.18,0.05,3652.36,2836.36,815.99,Bank Transfer,4.6,False,A. Cruz,10,Search,
ORD-100302,2025-06-15,CUST-1092,Consumer,East,Technology,Cloud Security Suite,Retail Store,11,858.03,0.05,8966.43,6470.67,2495.76,Bank Transfer,4.8,False,B. Santos,10,Trade Show,Follow-up required
ORD-100303,2025-03-23,CUST-1085,Small Business,East,Services,Data Migration,Corporate Sales,9,923.59,0.1,7481.04,4503.43,2977.61,Bank Transfer,4.0,False,H. Navarro,4,Trade Show,
ORD-100304,2025-11-29,CUST-1063,Consumer,East,Technology,Laptop Pro 14,Partner,11,1217.2,0.05,12719.71,9031.71,3688.0,Credit Card,4.6,False,G. Ramos,10,Social,Follow-up required
ORD-100305,2025-10-04,CUST-1125,Consumer,East,Furniture,Executive Chair,Retail Store,9,525.47,0.05,4492.8,3395.36,1097.44,Mobile Wallet,4.5,False,B. Santos,9,Email,Priority client
ORD-100306,2025-03-27,CUST-1109,Consumer,South,Technology,Laptop Pro 14,Partner,4,1348.95,0.2,4316.65,3383.42,933.23,Credit Card,4.9,False,C. Reyes,4,Email,
ORD-100307,2025-08-24,CUST-1059,Small Business,West,Furniture,Executive Chair,Partner,2,464.52,0.0,929.04,647.97,281.07,Purchase Order,4.4,True,G. Ramos,6,Referral,Follow-up required
ORD-100308,2025-06-11,CUST-1150,Consumer,North,Technology,4K Monitor,Corporate Sales,11,429.68,0.0,4726.44,3385.58,1340.86,Credit Card,4.3,False,E. Garcia,10,Direct,
ORD-100309,2025-06-04,CUST-1041,Corporate,South,Technology,Wireless Headset,Retail Store,8,161.38,0.1,1161.95,683.4,478.55,Purchase Order,3.3,False,E. Garcia,1,Direct,Priority client
ORD-100310,2025-03-15,CUST-1011,Consumer,Central,Furniture,Filing Cabinet,Partner,1,237.59,0.15,201.95,164.2,37.75,Credit Card,4.9,False,E. Garcia,3,Search,
ORD-100311,2025-06-26,CUST-1158,Small Business,South,Office Supplies,Printer Toner,Online,11,184.02,0.15,1720.55,1193.74,526.81,Bank Transfer,4.1,False,A. Cruz,3,Trade Show,
ORD-100312,2025-08-25,CUST-1149,Small Business,East,Technology,Wireless Headset,Corporate Sales,11,143.61,0.0,1579.7,1230.49,349.21,Bank Transfer,4.1,False,D. Lim,4,Email,New account
ORD-100313,2025-05-26,CUST-1079,Corporate,Central,Technology,Business Tablet,Retail Store,6,634.27,0.1,3425.08,2476.69,948.39,Mobile Wallet,3.8,False,F. Tan,10,Referral,New account
ORD-100314,2025-03-28,CUST-1093,Consumer,East,Technology,Wireless Headset,Partner,4,136.39,0.0,545.57,407.6,137.97,Purchase Order,3.9,False,H. Navarro,7,Social,
ORD-100315,2025-06-06,CUST-1072,Consumer,Central,Services,Data Migration,Retail Store,2,919.58,0.0,1839.15,1386.62,452.53,Mobile Wallet,4.0,False,B. Santos,2,Direct,
ORD-100316,2025-02-08,CUST-1152,Consumer,North,Technology,Cloud Security Suite,Corporate Sales,11,906.1,0.0,9967.11,7672.41,2294.69,Purchase Order,3.8,False,C. Reyes,10,Social,Priority client
ORD-100317,2025-07-20,CUST-1024,Small Business,East,Office Supplies,Desk Organizer,Online,12,27.95,0.05,318.62,232.66,85.96,Bank Transfer,4.3,False,C. Reyes,9,Trade Show,Follow-up required
ORD-100318,2025-03-13,CUST-1124,Small Business,North,Services,Installation Service,Retail Store,3,236.65,0.15,603.45,353.54,249.92,Purchase Order,4.8,False,D. Lim,3,,New account
ORD-100319,2025-05-16,CUST-1121,Small Business,North,Furniture,Standing Desk,Online,1,675.56,0.2,540.45,316.22,224.23,Mobile Wallet,4.2,False,B. Santos,6,Direct,Priority client
ORD-100320,2025-09-24,CUST-1097,Small Business,Central,Furniture,Filing Cabinet,Online,10,238.23,0.15,2024.96,1562.68,462.28,Mobile Wallet,4.9,False,G. Ramos,7,Search,New account
ORD-100321,2025-09-22,CUST-1129,Consumer,West,Services,Training Package,Retail Store,6,494.81,0.1,2672.0,1774.66,897.33,Bank Transfer,3.7,False,B. Santos,10,Trade Show,
ORD-100322,2025-11-26,CUST-1031,Corporate,South,Furniture,Standing Desk,Partner,3,626.47,0.0,1879.41,1373.1,506.31,Mobile Wallet,5.0,False,B. Santos,10,Referral,New account
ORD-100323,2025-12-12,CUST-1063,Consumer,South,Services,Support Contract,Retail Store,4,1289.68,0.15,4384.92,3578.88,806.04,Bank Transfer,3.8,False,A. Cruz,7,Trade Show,
ORD-100324,2025-03-17,CUST-1145,Corporate,North,Technology,Business Tablet,Corporate Sales,5,688.01,0.0,3440.03,2604.17,835.86,Credit Card,5.0,False,D. Lim,7,Referral,Follow-up required
ORD-100325,2025-11-07,CUST-1150,Consumer,Central,Services,Support Contract,Corporate Sales,3,1137.31,0.0,3411.92,2069.38,1342.54,Bank Transfer,3.1,False,F. Tan,10,Referral,
ORD-100326,2025-11-02,CUST-1134,Corporate,West,Technology,Business Tablet,Retail Store,7,670.52,0.1,4224.3,2686.93,1537.37,Credit Card,3.4,False,C. Reyes,1,Referral,
ORD-100327,2025-11-11,CUST-1139,Consumer,West,Technology,Cloud Security Suite,Partner,9,816.67,0.0,7350.02,4294.54,3055.48,Mobile Wallet,4.1,False,A. Cruz,3,Direct,Follow-up required
ORD-100328,2025-09-29,CUST-1109,Consumer,East,Services,Installation Service,Partner,8,244.22,0.1,1758.36,1306.66,451.7,Bank Transfer,4.3,False,B. Santos,10,Social,
ORD-100329,2025-11-03,CUST-1134,Consumer,Central,Services,Training Package,Online,4,424.64,0.0,1698.57,1372.43,326.14,Purchase Order,4.8,False,D. Lim,1,Direct,Follow-up required
ORD-100330,2025-06-11,CUST-1067,Corporate,West,Services,Training Package,Corporate Sales,2,490.03,0.0,980.05,678.37,301.68,Mobile Wallet,,False,G. Ramos,10,Search,
ORD-100331,2025-07-31,CUST-1148,Small Business,West,Services,Installation Service,Retail Store,6,255.67,0.15,1303.92,808.55,495.37,Credit Card,4.2,False,D. Lim,5,Referral,
ORD-100332,2025-12-25,CUST-1141,Corporate,North,Office Supplies,Premium Paper,Retail Store,4,39.84,0.15,135.46,95.23,40.22,Purchase Order,4.5,False,A. Cruz,6,Email,
ORD-100333,2025-03-16,CUST-1156,Consumer,West,Services,Data Migration,Partner,7,898.83,0.0,6291.79,3915.8,2375.99,Mobile Wallet,3.6,True,A. Cruz,7,Search,
ORD-100334,2025-11-24,CUST-1050,Consumer,Central,Services,Support Contract,Retail Store,1,1267.1,0.0,1267.1,841.39,425.71,Bank Transfer,3.7,False,A. Cruz,9,Social,
ORD-100335,2025-05-03,CUST-1102,Small Business,Central,Technology,Business Tablet,Retail Store,2,637.19,0.05,1210.65,983.76,226.9,Credit Card,5.0,False,B. Santos,6,Email,New account
ORD-100336,2025-10-09,CUST-1156,Consumer,West,Furniture,Storage Shelf,Partner,10,310.72,0.05,2951.86,1821.11,1130.75,Credit Card,3.7,False,E. Garcia,5,Search,
ORD-100337,2025-07-28,CUST-1132,Small Business,Central,Technology,Cloud Security Suite,Corporate Sales,2,955.79,0.15,1624.84,1029.93,594.91,Purchase Order,4.3,False,G. Ramos,2,Trade Show,
ORD-100338,2025-09-05,CUST-1008,Small Business,North,Office Supplies,Ergonomic Notebook,Corporate Sales,8,18.33,0.2,117.34,84.39,32.95,Credit Card,3.0,False,G. Ramos,10,Direct,
ORD-100339,2025-04-23,CUST-1068,Consumer,East,Office Supplies,Ergonomic Notebook,Online,7,16.53,0.05,109.92,86.9,23.02,Purchase Order,3.6,False,F. Tan,1,Email,New account
ORD-100340,2025-10-11,CUST-1047,Corporate,South,Office Supplies,Printer Toner,Partner,6,182.14,0.05,1038.2,840.27,197.93,Bank Transfer,3.8,False,D. Lim,10,Direct,
ORD-100341,2025-05-04,CUST-1040,Consumer,North,Furniture,Standing Desk,Online,4,674.56,0.0,2698.22,2089.19,609.03,Purchase Order,4.6,False,A. Cruz,10,Trade Show,
ORD-100342,2025-01-22,CUST-1071,Small Business,South,Services,Training Package,Corporate Sales,10,412.83,0.05,3921.87,2659.14,1262.73,Purchase Order,5.0,False,D. Lim,10,Trade Show,
ORD-100343,2025-03-07,CUST-1089,Small Business,South,Technology,Cloud Security Suite,Partner,7,876.11,0.1,5519.49,3545.39,1974.1,Credit Card,4.1,False,H. Navarro,1,Social,Follow-up required
ORD-100344,2025-12-19,CUST-1093,Corporate,East,Technology,Laptop Pro 14,Retail Store,11,1190.16,0.0,13091.71,8285.01,4806.7,Mobile Wallet,5.0,False,D. Lim,2,Social,
ORD-100345,2025-08-30,CUST-1096,Small Business,West,Furniture,Filing Cabinet,Corporate Sales,3,227.03,0.1,612.97,366.72,246.25,Purchase Order,4.1,False,C. Reyes,7,Trade Show,New account
ORD-100346,2025-03-09,CUST-1098,Consumer,South,Office Supplies,Premium Paper,Retail Store,12,38.85,0.05,442.87,319.83,123.04,Purchase Order,5.0,False,A. Cruz,9,Search,Priority client
ORD-100347,2025-08-04,CUST-1125,Small Business,East,Services,Installation Service,Online,11,266.23,0.15,2489.29,1651.58,837.71,Purchase Order,4.6,False,B. Santos,6,,
ORD-100348,2025-03-25,CUST-1086,Small Business,East,Technology,Business Tablet,Corporate Sales,5,666.43,0.1,2998.94,2371.77,627.16,Mobile Wallet,5.0,False,F. Tan,2,Email,Priority client
ORD-100349,2025-07-30,CUST-1138,Consumer,East,Technology,Wireless Headset,Corporate Sales,11,157.86,0.15,1476.02,1089.35,386.68,Mobile Wallet,4.7,False,H. Navarro,10,Direct,New account
ORD-100350,2025-08-17,CUST-1043,Corporate,East,Technology,4K Monitor,Partner,10,477.13,0.05,4532.71,3368.87,1163.85,Purchase Order,4.5,False,B. Santos,3,Email,
ORD-100351,2025-03-24,CUST-1102,Small Business,West,Furniture,Standing Desk,Corporate Sales,6,643.92,0.05,3670.35,2791.86,878.49,Purchase Order,4.0,False,G. Ramos,5,Search,Follow-up required
ORD-100352,2025-04-05,CUST-1043,Small Business,North,Technology,Business Tablet,Online,12,675.95,0.0,8111.4,6152.02,1959.37,Credit Card,4.2,False,H. Navarro,2,Trade Show,
ORD-100353,2025-01-28,CUST-1022,Corporate,West,Technology,4K Monitor,Corporate Sales,9,427.86,0.0,3850.72,2989.36,861.36,Bank Transfer,4.1,False,D. Lim,10,Direct,
ORD-100354,2025-05-26,CUST-1092,Small Business,West,Services,Installation Service,Partner,3,225.32,0.15,574.56,372.83,201.74,Mobile Wallet,5.0,False,H. Navarro,1,Search,
ORD-100355,2025-12-24,CUST-1135,Corporate,Central,Office Supplies,Desk Organizer,Corporate Sales,10,29.68,0.1,267.1,217.82,49.28,Mobile Wallet,3.1,False,H. Navarro,10,Trade Show,Priority client
ORD-100356,2025-04-27,CUST-1003,Consumer,Central,Technology,4K Monitor,Retail Store,5,471.3,0.05,2238.68,1588.56,650.12,Mobile Wallet,4.7,False,E. Garcia,3,Referral,
ORD-100357,2025-10-01,CUST-1060,Consumer,Central,Technology,4K Monitor,Corporate Sales,8,484.69,0.05,3683.64,2231.09,1452.55,Bank Transfer,4.3,True,G. Ramos,10,Trade Show,Follow-up required
ORD-100358,2025-08-12,CUST-1097,Consumer,East,Services,Installation Service,Online,3,273.15,0.2,655.56,434.01,221.55,Purchase Order,5.0,False,D. Lim,7,Trade Show,
ORD-100359,2025-11-10,CUST-1049,Consumer,South,Furniture,Filing Cabinet,Retail Store,11,224.81,0.2,1978.32,1589.95,388.37,Mobile Wallet,3.8,False,B. Santos,5,Direct,Priority client
ORD-100360,2025-08-22,CUST-1039,Consumer,Central,Services,Training Package,Online,12,432.09,0.15,4407.28,3305.29,1101.99,Bank Transfer,4.2,False,B. Santos,6,Social,
ORD-100361,2025-05-18,CUST-1127,Consumer,East,Office Supplies,Printer Toner,Partner,12,154.38,0.0,1852.52,1333.3,519.22,Mobile Wallet,5.0,False,H. Navarro,3,Social,
ORD-100362,2025-08-26,CUST-1121,Consumer,South,Technology,Wireless Headset,Corporate Sales,2,135.46,0.0,270.93,213.81,57.12,Purchase Order,3.0,True,A. Cruz,8,Email,Follow-up required
ORD-100363,2025-05-08,CUST-1025,Corporate,South,Services,Support Contract,Partner,4,1313.64,0.2,4203.64,3415.59,788.05,Purchase Order,3.7,False,E. Garcia,4,Social,Priority client
ORD-100364,2025-03-23,CUST-1093,Consumer,South,Technology,Cloud Security Suite,Online,9,945.44,0.0,8508.92,4985.38,3523.54,Bank Transfer,4.4,False,G. Ramos,5,Social,
ORD-100365,2025-01-08,CUST-1011,Corporate,West,Office Supplies,Ergonomic Notebook,Retail Store,10,16.28,0.0,162.8,107.07,55.73,Mobile Wallet,5.0,False,B. Santos,4,Search,
ORD-100366,2025-03-22,CUST-1092,Corporate,South,Services,Consulting Hours,Online,11,186.6,0.15,1744.7,1198.64,546.06,Bank Transfer,4.1,False,H. Navarro,1,Search,
ORD-100367,2025-06-12,CUST-1035,Small Business,North,Furniture,Meeting Table,Partner,12,762.83,0.0,9153.91,7499.89,1654.02,Purchase Order,3.0,True,E. Garcia,10,Trade Show,New account
ORD-100368,2025-12-23,CUST-1120,Small Business,Central,Services,Installation Service,Retail Store,10,233.18,0.0,2331.81,1797.25,534.56,Credit Card,2.5,False,C. Reyes,6,Referral,New account
ORD-100369,2025-06-01,CUST-1048,Consumer,Central,Furniture,Storage Shelf,Corporate Sales,6,310.58,0.1,1677.14,1061.61,615.54,Bank Transfer,4.3,True,F. Tan,13,Direct,New account
ORD-100370,2025-02-02,CUST-1157,Small Business,East,Services,Installation Service,Partner,9,257.73,0.2,1855.62,1197.96,657.67,Mobile Wallet,3.7,False,B. Santos,9,Email,
ORD-100371,2025-09-25,CUST-1125,Consumer,North,Technology,Laptop Pro 14,Online,3,1416.13,0.0,4248.4,2618.09,1630.31,Purchase Order,4.6,False,H. Navarro,4,Trade Show,
ORD-100372,2025-11-16,CUST-1054,Corporate,West,Furniture,Executive Chair,Online,6,481.15,0.0,2886.9,2116.81,770.09,Purchase Order,4.0,False,A. Cruz,2,Social,
ORD-100373,2025-10-13,CUST-1011,Corporate,North,Services,Training Package,Corporate Sales,12,440.78,0.0,5289.4,3415.96,1873.44,Credit Card,4.1,False,D. Lim,5,Trade Show,Follow-up required
ORD-100374,2025-02-19,CUST-1064,Corporate,South,Technology,Business Tablet,Partner,9,754.1,0.1,6108.17,3879.84,2228.33,Credit Card,4.3,False,F. Tan,9,Direct,New account
ORD-100375,2025-08-23,CUST-1041,Corporate,Central,Services,Consulting Hours,Partner,3,169.67,0.0,509.02,299.03,209.98,Mobile Wallet,3.2,False,F. Tan,9,Trade Show,
ORD-100376,2025-06-16,CUST-1062,Corporate,Central,Furniture,Meeting Table,Retail Store,11,857.22,0.1,8486.52,5886.0,2600.52,Purchase Order,5.0,False,E. Garcia,6,Social,Follow-up required
ORD-100377,2025-08-20,CUST-1035,Small Business,North,Services,Support Contract,Corporate Sales,1,1312.37,0.2,1049.89,655.69,394.21,Bank Transfer,4.4,True,D. Lim,6,Social,Follow-up required
ORD-100378,2025-01-12,CUST-1025,Consumer,West,Furniture,Storage Shelf,Corporate Sales,9,315.2,0.15,2411.29,1887.43,523.86,Bank Transfer,4.4,False,C. Reyes,10,Social,
ORD-100379,2025-07-07,CUST-1056,Corporate,North,Office Supplies,Ink Cartridge Pack,Corporate Sales,5,135.73,0.05,644.74,470.85,173.89,Purchase Order,4.2,False,C. Reyes,7,Referral,Follow-up required
ORD-100380,2025-12-20,CUST-1015,Small Business,East,Technology,Cloud Security Suite,Partner,11,952.32,0.05,9951.72,6922.07,3029.65,Purchase Order,4.6,True,B. Santos,14,Search,
ORD-100381,2025-12-01,CUST-1145,Consumer,East,Technology,4K Monitor,Retail Store,1,423.87,0.05,402.68,245.65,157.03,Bank Transfer,3.6,False,A. Cruz,6,Direct,Follow-up required
ORD-100382,2025-07-21,CUST-1101,Consumer,South,Services,Data Migration,Corporate Sales,10,893.1,0.15,7591.35,5298.63,2292.72,Credit Card,5.0,False,H. Navarro,7,Trade Show,
ORD-100383,2025-01-26,CUST-1035,Small Business,Central,Services,Training Package,Retail Store,2,410.78,0.1,739.4,532.13,207.27,Purchase Order,4.7,False,G. Ramos,3,Direct,
ORD-100384,2025-10-20,CUST-1069,Small Business,East,Office Supplies,Desk Organizer,Online,10,27.9,0.2,223.2,153.84,69.36,Credit Card,3.6,False,G. Ramos,4,Referral,
ORD-100385,2025-07-07,CUST-1079,Consumer,East,Furniture,Standing Desk,Partner,6,567.56,0.05,3235.1,1932.61,1302.49,Bank Transfer,3.8,False,H. Navarro,1,Email,
ORD-100386,2025-04-30,CUST-1014,Consumer,Central,Office Supplies,Ergonomic Notebook,Retail Store,3,18.36,0.2,44.06,28.64,15.42,Mobile Wallet,2.3,False,A. Cruz,2,Social,New account
ORD-100387,2025-12-22,CUST-1140,Corporate,East,Technology,Wireless Headset,Partner,8,154.81,0.1,1114.64,876.58,238.05,Bank Transfer,3.4,True,A. Cruz,6,Referral,
ORD-100388,2025-10-26,CUST-1014,Small Business,North,Technology,Wireless Headset,Online,3,141.31,0.0,423.94,346.27,77.67,Purchase Order,4.1,False,E. Garcia,10,Direct,
ORD-100389,2025-12-04,CUST-1098,Corporate,North,Furniture,Executive Chair,Corporate Sales,1,454.04,0.05,431.33,301.82,129.52,Purchase Order,5.0,False,B. Santos,7,Search,
ORD-100390,2025-04-12,CUST-1126,Small Business,South,Services,Data Migration,Online,12,961.33,0.0,11536.0,6717.93,4818.07,Mobile Wallet,4.8,True,F. Tan,12,Social,
ORD-100391,2025-11-17,CUST-1008,Corporate,East,Furniture,Standing Desk,Retail Store,9,607.17,0.05,5191.29,3655.97,1535.32,Bank Transfer,3.9,False,F. Tan,5,Referral,Priority client
ORD-100392,2025-12-03,CUST-1059,Small Business,South,Office Supplies,Premium Paper,Retail Store,12,35.36,0.1,381.88,228.69,153.19,Purchase Order,3.6,False,E. Garcia,10,Trade Show,
ORD-100393,2025-06-18,CUST-1052,Consumer,East,Services,Data Migration,Retail Store,3,930.42,0.0,2791.25,1707.83,1083.42,Purchase Order,5.0,False,C. Reyes,10,Direct,
ORD-100394,2025-10-17,CUST-1082,Consumer,North,Office Supplies,Ergonomic Notebook,Corporate Sales,2,19.08,0.15,32.44,20.37,12.07,Purchase Order,4.6,False,G. Ramos,2,Social,
ORD-100395,2025-08-15,CUST-1157,Corporate,East,Furniture,Standing Desk,Retail Store,4,587.17,0.0,2348.68,1421.18,927.5,Bank Transfer,5.0,False,D. Lim,1,Direct,
ORD-100396,2025-01-14,CUST-1096,Consumer,West,Furniture,Executive Chair,Partner,12,443.19,0.1,4786.44,3851.61,934.84,Purchase Order,4.8,False,C. Reyes,10,Search,Priority client
ORD-100397,2025-04-09,CUST-1052,Consumer,North,Office Supplies,Premium Paper,Retail Store,7,35.51,0.0,248.54,176.44,72.1,Purchase Order,4.6,False,H. Navarro,7,Direct,
ORD-100398,2025-06-16,CUST-1098,Corporate,East,Services,Installation Service,Partner,7,260.7,0.1,1642.44,1268.64,373.79,Credit Card,,False,B. Santos,10,Referral,New account
ORD-100399,2025-08-22,CUST-1100,Corporate,North,Technology,Business Tablet,Retail Store,9,676.56,0.15,5175.65,4014.01,1161.63,Mobile Wallet,5.0,False,H. Navarro,1,Referral,Follow-up required
ORD-100400,2025-06-05,CUST-1133,Consumer,West,Furniture,Meeting Table,Partner,3,791.38,0.1,2136.73,1569.34,567.39,Credit Card,4.2,False,B. Santos,1,Search,New account
ORD-100401,2025-10-27,CUST-1152,Corporate,South,Office Supplies,Printer Toner,Partner,7,169.89,0.05,1129.78,853.64,276.14,Credit Card,3.6,False,E. Garcia,3,Social,Priority client
ORD-100402,2025-12-21,CUST-1135,Corporate,West,Office Supplies,Premium Paper,Retail Store,2,41.9,0.0,83.8,53.01,30.79,Purchase Order,3.7,False,G. Ramos,6,Email,
ORD-100403,2025-03-29,CUST-1014,Small Business,East,Furniture,Storage Shelf,Corporate Sales,11,327.46,0.0,3602.02,2380.42,1221.61,Purchase Order,4.5,False,E. Garcia,3,Direct,
ORD-100404,2025-04-03,CUST-1118,Small Business,West,Technology,Business Tablet,Online,4,721.19,0.0,2884.75,2018.08,866.67,Purchase Order,3.7,False,D. Lim,5,Search,
ORD-100405,2025-10-29,CUST-1063,Corporate,East,Services,Support Contract,Retail Store,7,1213.29,0.1,7643.71,5752.72,1890.99,Credit Card,4.1,False,C. Reyes,10,Search,
ORD-100406,2025-01-29,CUST-1085,Consumer,North,Furniture,Executive Chair,Online,3,459.62,0.0,1378.85,1024.83,354.01,Purchase Order,4.2,False,C. Reyes,10,Search,
ORD-100407,2025-12-11,CUST-1144,Consumer,West,Furniture,Storage Shelf,Corporate Sales,11,273.42,0.2,2406.07,1413.22,992.85,Credit Card,3.9,False,B. Santos,10,Social,
ORD-100408,2025-06-15,CUST-1121,Consumer,North,Furniture,Meeting Table,Corporate Sales,2,857.85,0.1,1544.13,1165.08,379.05,Mobile Wallet,2.8,False,G. Ramos,2,Trade Show,
ORD-100409,2025-04-18,CUST-1124,Corporate,Central,Office Supplies,Desk Organizer,Corporate Sales,1,30.41,0.0,30.41,20.74,9.67,Purchase Order,3.2,False,F. Tan,9,Social,
ORD-100410,2025-09-27,CUST-1047,Corporate,South,Furniture,Standing Desk,Corporate Sales,10,690.35,0.15,5867.94,3459.89,2408.05,Bank Transfer,3.0,False,A. Cruz,8,Email,Priority client
ORD-100411,2025-01-13,CUST-1012,Small Business,East,Services,Consulting Hours,Retail Store,12,193.21,0.0,2318.56,1666.77,651.79,Credit Card,5.0,False,D. Lim,7,Direct,Priority client
ORD-100412,2025-05-25,CUST-1002,Consumer,East,Furniture,Executive Chair,Corporate Sales,5,487.7,0.05,2316.56,1829.2,487.35,Purchase Order,3.8,False,A. Cruz,6,Search,
ORD-100413,2025-04-10,CUST-1035,Small Business,South,Furniture,Filing Cabinet,Partner,11,236.55,0.1,2341.85,1595.3,746.55,Mobile Wallet,4.6,False,H. Navarro,1,Referral,New account
ORD-100414,2025-01-29,CUST-1054,Corporate,East,Furniture,Storage Shelf,Corporate Sales,12,323.66,0.2,3107.13,1959.23,1147.9,Credit Card,2.9,False,C. Reyes,9,Social,
ORD-100415,2025-01-16,CUST-1100,Consumer,Central,Furniture,Meeting Table,Online,11,818.65,0.15,7654.38,5599.75,2054.63,Mobile Wallet,3.6,False,F. Tan,10,Direct,Follow-up required
ORD-100416,2025-01-17,CUST-1078,Consumer,Central,Furniture,Meeting Table,Corporate Sales,2,833.49,0.1,1500.28,1197.48,302.8,Bank Transfer,4.4,False,B. Santos,6,Social,Priority client
ORD-100417,2025-01-20,CUST-1088,Small Business,Central,Office Supplies,Premium Paper,Corporate Sales,8,36.5,0.15,248.21,158.11,90.1,Mobile Wallet,4.1,True,C. Reyes,10,Email,
ORD-100418,2025-09-22,CUST-1002,Small Business,North,Office Supplies,Ink Cartridge Pack,Online,12,122.48,0.0,1469.74,1159.6,310.15,Mobile Wallet,5.0,False,H. Navarro,9,Email,
ORD-100419,2025-02-22,CUST-1052,Consumer,East,Furniture,Executive Chair,Corporate Sales,10,483.65,0.05,4594.68,3232.62,1362.07,Mobile Wallet,5.0,False,H. Navarro,4,Direct,
ORD-100420,2025-03-02,CUST-1132,Consumer,South,Furniture,Standing Desk,Corporate Sales,3,586.67,0.05,1672.01,1126.7,545.31,Mobile Wallet,2.8,False,E. Garcia,10,Search,Follow-up required
ORD-100421,2025-12-27,CUST-1114,Consumer,South,Furniture,Storage Shelf,Online,4,327.07,0.0,1308.28,839.86,468.43,Purchase Order,3.1,True,A. Cruz,13,Email,Follow-up required
ORD-100422,2025-07-16,CUST-1115,Corporate,East,Technology,Laptop Pro 14,Corporate Sales,7,1370.05,0.1,8631.3,5277.26,3354.04,Mobile Wallet,5.0,False,D. Lim,10,Direct,Follow-up required
ORD-100423,2025-12-10,CUST-1117,Small Business,West,Technology,4K Monitor,Partner,10,502.13,0.0,5021.3,3459.22,1562.08,Bank Transfer,4.2,False,D. Lim,8,Search,
ORD-100424,2025-11-12,CUST-1084,Small Business,West,Furniture,Filing Cabinet,Online,7,211.86,0.0,1483.03,1155.18,327.85,Credit Card,3.1,False,H. Navarro,6,Email,
ORD-100425,2025-06-29,CUST-1033,Corporate,North,Services,Support Contract,Partner,3,1183.41,0.05,3372.73,2157.5,1215.22,Credit Card,5.0,False,F. Tan,10,Trade Show,Follow-up required
ORD-100426,2025-11-29,CUST-1159,Consumer,Central,Technology,Wireless Headset,Retail Store,9,139.08,0.1,1126.53,698.71,427.82,Purchase Order,4.7,False,G. Ramos,7,Email,
ORD-100427,2025-06-24,CUST-1061,Consumer,North,Office Supplies,Desk Organizer,Partner,7,26.31,0.1,165.77,125.44,40.33,Credit Card,3.9,False,H. Navarro,6,Social,Follow-up required
ORD-100428,2025-10-12,CUST-1028,Corporate,Central,Technology,4K Monitor,Partner,3,490.59,0.05,1398.2,1081.31,316.89,Mobile Wallet,5.0,False,H. Navarro,2,,Follow-up required
ORD-100429,2025-12-05,CUST-1038,Corporate,South,Technology,Laptop Pro 14,Partner,4,1321.18,0.0,5284.7,4166.38,1118.32,Mobile Wallet,3.9,False,G. Ramos,1,Trade Show,
ORD-100430,2025-10-23,CUST-1078,Small Business,East,Services,Installation Service,Online,4,238.49,0.2,763.16,453.09,310.07,Credit Card,4.0,False,G. Ramos,5,Search,Follow-up required
ORD-100431,2025-05-31,CUST-1073,Consumer,South,Technology,Wireless Headset,Partner,9,149.93,0.0,1349.36,1085.94,263.41,Purchase Order,4.6,True,F. Tan,12,Direct,
ORD-100432,2025-07-15,CUST-1036,Consumer,Central,Services,Support Contract,Partner,7,1155.88,0.15,6877.47,4826.17,2051.3,Mobile Wallet,4.0,False,G. Ramos,3,Search,Priority client
ORD-100433,2025-05-28,CUST-1125,Corporate,West,Office Supplies,Ink Cartridge Pack,Retail Store,1,117.17,0.0,117.17,72.13,45.04,Credit Card,4.8,False,C. Reyes,3,Direct,New account
ORD-100434,2025-08-01,CUST-1142,Small Business,West,Services,Data Migration,Corporate Sales,7,941.4,0.15,5601.33,3941.9,1659.43,Bank Transfer,4.4,False,C. Reyes,9,Referral,Priority client
ORD-100435,2025-11-06,CUST-1106,Corporate,Central,Technology,Cloud Security Suite,Corporate Sales,8,896.99,0.2,5740.77,4248.44,1492.33,Credit Card,4.9,False,A. Cruz,9,Trade Show,
ORD-100436,2025-09-05,CUST-1135,Small Business,West,Furniture,Executive Chair,Online,10,459.84,0.1,4138.57,3069.26,1069.31,Credit Card,3.3,False,D. Lim,2,Referral,
ORD-100437,2025-11-19,CUST-1003,Small Business,West,Technology,Cloud Security Suite,Partner,10,983.49,0.05,9343.16,5629.59,3713.57,Mobile Wallet,3.6,False,G. Ramos,6,Social,Follow-up required
ORD-100438,2025-05-31,CUST-1145,Small Business,North,Furniture,Standing Desk,Partner,1,675.31,0.2,540.25,336.31,203.94,Bank Transfer,5.0,False,A. Cruz,5,Direct,New account
ORD-100439,2025-05-30,CUST-1072,Small Business,South,Technology,Wireless Headset,Corporate Sales,8,154.74,0.0,1237.92,967.0,270.92,Mobile Wallet,4.2,False,E. Garcia,2,Email,
ORD-100440,2025-02-27,CUST-1045,Small Business,South,Office Supplies,Desk Organizer,Partner,12,28.98,0.0,347.8,253.3,94.5,Bank Transfer,4.4,False,A. Cruz,6,Social,
ORD-100441,2025-02-13,CUST-1099,Consumer,West,Office Supplies,Desk Organizer,Retail Store,3,31.14,0.1,84.08,60.28,23.8,Bank Transfer,4.9,False,F. Tan,7,Email,
ORD-100442,2025-11-25,CUST-1122,Corporate,Central,Furniture,Executive Chair,Retail Store,1,461.19,0.0,461.19,340.42,120.77,Purchase Order,5.0,False,G. Ramos,8,Referral,
ORD-100443,2025-05-15,CUST-1081,Corporate,North,Office Supplies,Desk Organizer,Online,7,28.38,0.0,198.69,146.3,52.4,Mobile Wallet,4.3,False,G. Ramos,8,Trade Show,Priority client
ORD-100444,2025-11-30,CUST-1150,Small Business,West,Furniture,Filing Cabinet,Retail Store,5,240.87,0.05,1144.15,676.85,467.31,Bank Transfer,3.5,False,F. Tan,5,Direct,New account
ORD-100445,2025-12-20,CUST-1106,Consumer,Central,Office Supplies,Ergonomic Notebook,Online,9,19.72,0.0,177.46,120.26,57.2,Purchase Order,4.3,False,F. Tan,2,Search,
ORD-100446,2025-05-26,CUST-1056,Corporate,North,Furniture,Standing Desk,Online,1,637.43,0.0,637.43,482.68,154.75,Credit Card,4.4,False,C. Reyes,1,Referral,Follow-up required
ORD-100447,2025-12-03,CUST-1020,Corporate,West,Office Supplies,Premium Paper,Corporate Sales,12,41.95,0.0,503.43,340.82,162.61,Purchase Order,5.0,False,F. Tan,8,Social,New account
ORD-100448,2025-03-24,CUST-1068,Consumer,West,Technology,Wireless Headset,Online,1,158.17,0.1,142.36,108.61,33.75,Purchase Order,3.2,False,D. Lim,1,Trade Show,
ORD-100449,2025-07-21,CUST-1158,Corporate,North,Office Supplies,Printer Toner,Partner,2,179.07,0.0,358.13,245.16,112.98,Mobile Wallet,4.0,False,B. Santos,7,Email,
ORD-100450,2025-02-07,CUST-1039,Corporate,North,Technology,Cloud Security Suite,Online,12,907.0,0.05,10339.79,6011.37,4328.42,Purchase Order,4.2,False,E. Garcia,1,Search,Priority client
ORD-100451,2025-12-25,CUST-1112,Small Business,North,Furniture,Meeting Table,Retail Store,10,770.97,0.0,7709.69,5149.69,2560.0,Credit Card,5.0,False,G. Ramos,8,Direct,Priority client
ORD-100452,2025-09-04,CUST-1015,Corporate,North,Technology,Cloud Security Suite,Corporate Sales,9,878.96,0.05,7515.13,5168.05,2347.08,Mobile Wallet,3.5,False,B. Santos,5,Referral,Priority client
ORD-100453,2025-05-29,CUST-1100,Consumer,East,Office Supplies,Ink Cartridge Pack,Partner,9,122.23,0.0,1100.06,736.58,363.48,Credit Card,5.0,False,H. Navarro,4,Direct,
ORD-100454,2025-04-08,CUST-1126,Small Business,North,Office Supplies,Premium Paper,Corporate Sales,4,39.93,0.0,159.73,110.41,49.32,Purchase Order,4.9,False,H. Navarro,10,Email,
ORD-100455,2025-01-19,CUST-1134,Small Business,Central,Furniture,Executive Chair,Retail Store,6,477.24,0.2,2290.77,1803.29,487.47,Bank Transfer,2.2,True,B. Santos,4,Email,
ORD-100456,2025-03-14,CUST-1013,Small Business,North,Services,Consulting Hours,Partner,8,162.92,0.15,1107.88,733.3,374.57,Bank Transfer,5.0,True,B. Santos,4,Email,
ORD-100457,2025-02-28,CUST-1103,Small Business,North,Services,Data Migration,Retail Store,10,927.24,0.0,9272.37,6265.5,3006.87,Mobile Wallet,4.9,True,D. Lim,8,Email,
ORD-100458,2025-10-31,CUST-1095,Corporate,South,Office Supplies,Ergonomic Notebook,Partner,2,18.39,0.0,36.78,28.08,8.7,Bank Transfer,5.0,False,A. Cruz,7,Search,
ORD-100459,2025-02-21,CUST-1023,Corporate,Central,Services,Installation Service,Corporate Sales,1,265.65,0.1,239.08,179.88,59.21,Purchase Order,4.7,False,H. Navarro,1,Direct,
ORD-100460,2025-03-06,CUST-1045,Corporate,North,Office Supplies,Ink Cartridge Pack,Retail Store,11,122.38,0.05,1278.89,1026.29,252.6,Purchase Order,4.3,False,B. Santos,7,Direct,
ORD-100461,2025-06-04,CUST-1025,Corporate,East,Furniture,Meeting Table,Retail Store,1,728.73,0.15,619.42,498.18,121.24,Purchase Order,3.5,False,D. Lim,2,Social,Follow-up required
ORD-100462,2025-01-28,CUST-1046,Consumer,North,Office Supplies,Premium Paper,Online,3,38.89,0.2,93.34,59.89,33.45,Mobile Wallet,3.9,False,E. Garcia,8,Search,Priority client
ORD-100463,2025-08-11,CUST-1008,Small Business,Central,Furniture,Filing Cabinet,Online,10,209.58,0.1,1886.2,1233.1,653.1,Credit Card,4.2,True,D. Lim,3,Direct,
ORD-100464,2025-08-16,CUST-1029,Small Business,South,Furniture,Meeting Table,Online,4,768.85,0.2,2460.31,1787.37,672.94,Bank Transfer,5.0,False,G. Ramos,6,Search,
ORD-100465,2025-07-12,CUST-1056,Corporate,West,Office Supplies,Premium Paper,Retail Store,8,40.69,0.15,276.66,178.57,98.1,Purchase Order,3.4,False,F. Tan,7,Search,
ORD-100466,2025-08-23,CUST-1146,Consumer,East,Office Supplies,Ergonomic Notebook,Retail Store,5,16.85,0.0,84.26,62.65,21.62,Credit Card,3.9,False,H. Navarro,1,Referral,
ORD-100467,2025-08-03,CUST-1148,Corporate,South,Office Supplies,Ergonomic Notebook,Online,4,16.85,0.05,64.04,45.22,18.83,Purchase Order,3.6,False,H. Navarro,10,Search,
ORD-100468,2025-10-30,CUST-1084,Small Business,Central,Services,Support Contract,Retail Store,5,1216.15,0.0,6080.77,3901.27,2179.5,Bank Transfer,4.3,False,A. Cruz,4,Referral,
ORD-100469,2025-01-23,CUST-1026,Small Business,West,Technology,4K Monitor,Retail Store,12,501.5,0.15,5115.27,3560.49,1554.78,Credit Card,4.3,True,A. Cruz,13,Direct,Priority client
ORD-100470,2025-07-28,CUST-1123,Corporate,East,Office Supplies,Ink Cartridge Pack,Retail Store,6,117.22,0.05,668.15,489.06,179.09,Purchase Order,5.0,False,A. Cruz,2,Referral,
ORD-100471,2025-08-26,CUST-1019,Small Business,East,Office Supplies,Printer Toner,Online,3,184.26,0.05,525.13,380.4,144.73,Mobile Wallet,4.1,False,G. Ramos,1,Social,
ORD-100472,2025-12-24,CUST-1094,Consumer,North,Office Supplies,Premium Paper,Partner,10,36.88,0.05,350.35,221.03,129.32,Mobile Wallet,4.1,False,H. Navarro,1,Trade Show,Follow-up required
ORD-100473,2025-01-21,CUST-1053,Consumer,East,Furniture,Filing Cabinet,Retail Store,3,223.86,0.2,537.27,364.61,172.65,Credit Card,3.2,False,H. Navarro,2,Direct,Follow-up required
ORD-100474,2025-10-25,CUST-1109,Small Business,North,Office Supplies,Ink Cartridge Pack,Online,6,136.24,0.05,776.55,501.62,274.94,Mobile Wallet,3.6,False,F. Tan,9,Referral,New account
ORD-100475,2025-09-06,CUST-1116,Corporate,East,Technology,4K Monitor,Online,12,488.62,0.15,4983.88,3397.5,1586.38,Bank Transfer,3.6,False,H. Navarro,9,Email,
ORD-100476,2025-02-11,CUST-1038,Small Business,South,Services,Installation Service,Retail Store,5,256.19,0.0,1280.96,881.85,399.12,Credit Card,4.3,False,E. Garcia,5,Referral,
ORD-100477,2025-12-16,CUST-1049,Consumer,North,Office Supplies,Printer Toner,Retail Store,6,171.93,0.1,928.41,575.91,352.49,Mobile Wallet,4.6,False,G. Ramos,1,Trade Show,
ORD-100478,2025-06-25,CUST-1118,Small Business,Central,Furniture,Meeting Table,Retail Store,10,753.74,0.2,6029.88,3635.85,2394.03,Mobile Wallet,4.4,False,C. Reyes,9,Social,Priority client
ORD-100479,2025-04-27,CUST-1043,Corporate,South,Services,Training Package,Corporate Sales,5,407.13,0.0,2035.64,1494.31,541.33,Bank Transfer,4.8,False,C. Reyes,5,Direct,Priority client
ORD-100480,2025-12-21,CUST-1067,Small Business,South,Office Supplies,Ink Cartridge Pack,Retail Store,4,122.08,0.0,488.34,329.05,159.29,Credit Card,5.0,True,F. Tan,8,Social,Priority client
ORD-100481,2025-03-17,CUST-1104,Small Business,South,Furniture,Meeting Table,Partner,9,814.1,0.0,7326.88,5123.13,2203.75,Mobile Wallet,3.5,False,C. Reyes,2,Email,
ORD-100482,2025-10-07,CUST-1038,Corporate,West,Furniture,Filing Cabinet,Corporate Sales,8,215.86,0.05,1640.5,1234.02,406.48,Credit Card,5.0,False,H. Navarro,10,Email,New account
ORD-100483,2025-03-13,CUST-1092,Consumer,East,Technology,Wireless Headset,Online,1,154.73,0.1,139.26,113.9,25.36,Bank Transfer,4.5,False,D. Lim,4,Social,Priority client
ORD-100484,2025-04-11,CUST-1101,Consumer,West,Technology,Laptop Pro 14,Corporate Sales,9,1240.33,0.1,10046.65,6018.55,4028.1,Credit Card,5.0,False,F. Tan,2,Referral,
ORD-100485,2025-03-17,CUST-1115,Corporate,North,Services,Training Package,Retail Store,7,412.71,0.05,2744.52,2180.81,563.71,Purchase Order,3.7,True,G. Ramos,9,Referral,
ORD-100486,2025-05-28,CUST-1023,Consumer,South,Office Supplies,Printer Toner,Corporate Sales,12,159.76,0.1,1725.42,1147.75,577.67,Purchase Order,3.3,False,F. Tan,10,Email,Follow-up required
ORD-100487,2025-10-30,CUST-1045,Corporate,West,Services,Consulting Hours,Retail Store,1,164.5,0.1,148.05,104.31,43.74,Bank Transfer,4.3,False,C. Reyes,5,Referral,Priority client
ORD-100488,2025-05-29,CUST-1119,Consumer,North,Services,Consulting Hours,Online,5,193.68,0.15,823.15,606.01,217.14,Bank Transfer,2.9,False,E. Garcia,9,Social,New account
ORD-100489,2025-11-24,CUST-1126,Corporate,South,Services,Consulting Hours,Online,11,181.19,0.2,1594.44,1048.89,545.55,Credit Card,5.0,False,E. Garcia,7,Referral,
ORD-100490,2025-02-04,CUST-1122,Corporate,North,Furniture,Storage Shelf,Corporate Sales,8,328.55,0.15,2234.14,1650.67,583.46,Credit Card,3.2,False,E. Garcia,5,Search,New account
ORD-100491,2025-10-25,CUST-1042,Consumer,East,Technology,Business Tablet,Corporate Sales,6,707.08,0.1,3818.22,2884.12,934.1,Purchase Order,3.6,False,F. Tan,3,Email,
ORD-100492,2025-05-29,CUST-1025,Corporate,South,Furniture,Storage Shelf,Corporate Sales,11,302.73,0.0,3329.98,2696.72,633.26,Mobile Wallet,4.1,False,E. Garcia,3,Social,
ORD-100493,2025-12-17,CUST-1036,Corporate,East,Furniture,Executive Chair,Corporate Sales,9,457.24,0.15,3497.92,2608.05,889.87,Purchase Order,4.2,False,G. Ramos,3,Social,
ORD-100494,2025-03-25,CUST-1144,Corporate,Central,Technology,Business Tablet,Online,3,642.62,0.15,1638.67,1127.55,511.12,Purchase Order,3.0,False,H. Navarro,4,Email,
ORD-100495,2025-03-01,CUST-1114,Corporate,Central,Office Supplies,Premium Paper,Corporate Sales,8,41.0,0.05,311.59,206.71,104.87,Bank Transfer,4.9,False,E. Garcia,6,Email,
ORD-100496,2025-03-02,CUST-1054,Consumer,North,Office Supplies,Ink Cartridge Pack,Partner,12,140.02,0.0,1680.25,1069.17,611.08,Credit Card,4.6,False,B. Santos,5,Email,
ORD-100497,2025-09-05,CUST-1031,Small Business,North,Services,Consulting Hours,Online,4,176.38,0.0,705.5,435.0,270.5,Mobile Wallet,5.0,True,A. Cruz,10,Email,Priority client
ORD-100498,2025-03-05,CUST-1038,Corporate,East,Office Supplies,Desk Organizer,Corporate Sales,4,29.12,0.0,116.49,85.0,31.49,Mobile Wallet,4.2,False,C. Reyes,1,Trade Show,
ORD-100499,2025-11-10,CUST-1004,Corporate,South,Office Supplies,Desk Organizer,Retail Store,10,26.62,0.0,266.17,202.63,63.54,Mobile Wallet,4.2,False,C. Reyes,10,Trade Show,
ORD-100500,2025-01-03,CUST-1113,Corporate,North,Technology,Business Tablet,Retail Store,9,738.43,0.2,5316.68,3988.03,1328.64,Mobile Wallet,4.0,False,G. Ramos,10,Referral,
ORD-100501,2025-04-20,CUST-1035,Small Business,East,Office Supplies,Printer Toner,Corporate Sales,2,153.32,0.05,291.31,190.15,101.16,Credit Card,3.5,False,B. Santos,2,Social,Follow-up required
ORD-100502,2025-09-10,CUST-1114,Consumer,Central,Technology,4K Monitor,Partner,5,421.15,0.1,1895.16,1525.35,369.8,Mobile Wallet,3.1,False,G. Ramos,5,Search,New account
ORD-100503,2025-02-05,CUST-1027,Small Business,West,Services,Training Package,Online,3,454.84,0.0,1364.53,891.48,473.05,Credit Card,3.3,False,C. Reyes,8,Referral,New account
ORD-100504,2025-07-25,CUST-1153,Small Business,North,Technology,Business Tablet,Retail Store,2,713.06,0.05,1354.82,953.47,401.35,Purchase Order,2.5,False,H. Navarro,6,Social,
ORD-100505,2025-10-25,CUST-1131,Small Business,South,Furniture,Meeting Table,Partner,6,866.02,0.1,4676.5,3270.14,1406.36,Credit Card,4.2,False,B. Santos,7,Social,Priority client
ORD-100506,2025-09-08,CUST-1007,Consumer,West,Services,Installation Service,Corporate Sales,11,244.03,0.0,2684.34,2122.55,561.8,Bank Transfer,4.0,True,E. Garcia,2,Trade Show,Priority client
ORD-100507,2025-11-16,CUST-1076,Corporate,West,Technology,Laptop Pro 14,Partner,11,1394.62,0.15,13039.71,10085.2,2954.51,Mobile Wallet,3.6,False,F. Tan,8,Trade Show,
ORD-100508,2025-10-07,CUST-1097,Small Business,West,Technology,Laptop Pro 14,Online,7,1190.12,0.0,8330.86,5637.62,2693.24,Credit Card,4.8,False,C. Reyes,6,Trade Show,
ORD-100509,2025-12-04,CUST-1029,Corporate,West,Furniture,Standing Desk,Partner,8,587.93,0.1,4233.09,3161.22,1071.87,Purchase Order,4.1,False,C. Reyes,7,Trade Show,Priority client
ORD-100510,2025-01-29,CUST-1091,Small Business,East,Services,Training Package,Online,8,462.69,0.15,3146.27,2445.9,700.38,Credit Card,4.1,False,A. Cruz,10,Search,New account
ORD-100511,2025-07-07,CUST-1089,Small Business,West,Furniture,Storage Shelf,Corporate Sales,1,277.02,0.2,221.62,174.39,47.23,Credit Card,4.1,False,D. Lim,2,Search,Priority client
ORD-100512,2025-05-01,CUST-1044,Consumer,Central,Furniture,Storage Shelf,Corporate Sales,2,305.35,0.2,488.57,373.05,115.52,Credit Card,4.7,True,H. Navarro,6,Direct,
ORD-100513,2025-08-05,CUST-1097,Corporate,West,Services,Training Package,Corporate Sales,1,420.74,0.2,336.59,235.82,100.77,Credit Card,3.3,False,H. Navarro,1,Email,
ORD-100514,2025-12-20,CUST-1158,Small Business,East,Office Supplies,Ergonomic Notebook,Partner,8,17.52,0.15,119.16,71.06,48.1,Bank Transfer,3.9,False,H. Navarro,6,Direct,
ORD-100515,2025-02-08,CUST-1058,Corporate,North,Office Supplies,Ergonomic Notebook,Online,5,16.29,0.0,81.46,49.89,31.57,Mobile Wallet,4.1,False,E. Garcia,10,Email,Priority client
ORD-100516,2025-10-18,CUST-1077,Small Business,Central,Services,Support Contract,Corporate Sales,4,1311.8,0.05,4984.83,3408.62,1576.21,Bank Transfer,,False,G. Ramos,5,Referral,Follow-up required
ORD-100517,2025-05-09,CUST-1048,Corporate,West,Services,Data Migration,Retail Store,3,914.25,0.0,2742.74,1923.96,818.78,Purchase Order,3.4,False,E. Garcia,9,Direct,
ORD-100518,2025-09-30,CUST-1038,Consumer,South,Services,Data Migration,Corporate Sales,12,976.76,0.2,9376.87,5924.77,3452.1,Purchase Order,4.0,True,G. Ramos,7,Social,Priority client
ORD-100519,2025-02-02,CUST-1154,Consumer,West,Office Supplies,Printer Toner,Retail Store,5,173.04,0.05,821.95,604.99,216.96,Credit Card,3.9,False,C. Reyes,5,Search,New account
ORD-100520,2025-01-15,CUST-1010,Consumer,South,Office Supplies,Ergonomic Notebook,Corporate Sales,8,16.41,0.1,118.15,96.74,21.41,Bank Transfer,5.0,False,A. Cruz,7,Social,Priority client
ORD-100521,2025-05-23,CUST-1022,Small Business,Central,Office Supplies,Premium Paper,Corporate Sales,12,35.55,0.1,383.95,286.74,97.21,Credit Card,3.6,False,G. Ramos,1,Social,
ORD-100522,2025-12-10,CUST-1129,Consumer,Central,Technology,4K Monitor,Corporate Sales,12,476.64,0.0,5719.68,3402.93,2316.76,Purchase Order,3.9,False,B. Santos,10,Search,New account
ORD-100523,2025-11-04,CUST-1056,Consumer,North,Technology,Wireless Headset,Retail Store,6,149.28,0.15,761.33,623.69,137.64,Bank Transfer,4.4,False,E. Garcia,4,Referral,Priority client
ORD-100524,2025-07-29,CUST-1140,Small Business,West,Furniture,Storage Shelf,Retail Store,1,287.41,0.1,258.67,188.76,69.91,Mobile Wallet,5.0,False,C. Reyes,2,Social,
ORD-100525,2025-09-01,CUST-1014,Corporate,South,Furniture,Filing Cabinet,Corporate Sales,1,220.18,0.2,176.15,120.18,55.97,Purchase Order,3.1,False,E. Garcia,10,Direct,
ORD-100526,2025-12-25,CUST-1101,Small Business,East,Furniture,Executive Chair,Online,9,476.07,0.0,4284.6,2910.92,1373.68,Bank Transfer,3.9,False,E. Garcia,7,Search,
ORD-100527,2025-03-24,CUST-1021,Small Business,West,Services,Training Package,Partner,11,479.48,0.1,4746.84,3588.93,1157.91,Mobile Wallet,3.7,False,G. Ramos,5,Email,
ORD-100528,2025-03-24,CUST-1084,Small Business,North,Furniture,Storage Shelf,Online,2,270.25,0.05,513.47,329.83,183.64,Bank Transfer,2.2,False,H. Navarro,9,Direct,New account
ORD-100529,2025-03-11,CUST-1029,Consumer,South,Technology,4K Monitor,Retail Store,4,482.89,0.2,1545.26,947.1,598.16,Purchase Order,3.0,False,F. Tan,10,Referral,
ORD-100530,2025-09-02,CUST-1073,Consumer,North,Office Supplies,Ergonomic Notebook,Partner,3,16.24,0.2,38.98,24.87,14.12,Mobile Wallet,4.2,False,C. Reyes,6,Referral,
ORD-100531,2025-07-13,CUST-1119,Consumer,East,Office Supplies,Premium Paper,Retail Store,1,42.71,0.15,36.31,28.04,8.26,Credit Card,4.1,False,G. Ramos,4,Trade Show,
ORD-100532,2025-08-08,CUST-1004,Corporate,Central,Furniture,Standing Desk,Partner,2,579.9,0.05,1101.82,783.96,317.86,Purchase Order,4.5,False,H. Navarro,10,Email,
ORD-100533,2025-04-25,CUST-1111,Consumer,Central,Office Supplies,Ink Cartridge Pack,Retail Store,5,127.82,0.05,607.16,475.19,131.97,Mobile Wallet,4.1,False,D. Lim,7,Referral,
ORD-100534,2025-04-03,CUST-1116,Consumer,East,Services,Installation Service,Partner,1,232.5,0.05,220.88,145.32,75.56,Credit Card,3.4,False,A. Cruz,4,Referral,Follow-up required
ORD-100535,2025-03-10,CUST-1153,Small Business,North,Furniture,Meeting Table,Online,11,836.93,0.0,9206.23,6391.37,2814.86,Credit Card,3.1,False,A. Cruz,7,Social,New account
ORD-100536,2025-05-01,CUST-1012,Consumer,East,Services,Training Package,Partner,10,446.35,0.2,3570.8,2743.82,826.98,Mobile Wallet,2.9,False,G. Ramos,10,Direct,New account
ORD-100537,2025-07-09,CUST-1127,Small Business,West,Office Supplies,Desk Organizer,Retail Store,1,31.27,0.15,26.58,21.51,5.07,Credit Card,3.6,False,F. Tan,3,Direct,Follow-up required
ORD-100538,2025-09-29,CUST-1072,Corporate,East,Services,Installation Service,Partner,5,259.41,0.0,1297.03,888.5,408.53,Mobile Wallet,4.9,False,E. Garcia,3,Trade Show,Priority client
ORD-100539,2025-05-16,CUST-1039,Corporate,West,Furniture,Meeting Table,Online,3,759.8,0.05,2165.42,1692.94,472.47,Bank Transfer,5.0,False,C. Reyes,8,Email,
ORD-100540,2025-04-28,CUST-1030,Small Business,North,Office Supplies,Premium Paper,Partner,8,40.24,0.05,305.85,243.1,62.75,Mobile Wallet,3.6,False,H. Navarro,8,Referral,Priority client
ORD-100541,2025-09-10,CUST-1044,Corporate,Central,Technology,Business Tablet,Corporate Sales,2,718.11,0.05,1364.4,992.39,372.01,Bank Transfer,4.1,False,A. Cruz,5,Trade Show,
ORD-100542,2025-10-20,CUST-1007,Small Business,North,Office Supplies,Printer Toner,Partner,2,157.18,0.0,314.35,237.96,76.39,Mobile Wallet,3.5,False,B. Santos,2,Social,
ORD-100543,2025-03-20,CUST-1069,Corporate,North,Technology,Laptop Pro 14,Corporate Sales,8,1302.18,0.2,8333.92,6194.23,2139.7,Credit Card,3.8,False,H. Navarro,8,Social,New account
ORD-100544,2025-10-19,CUST-1019,Corporate,Central,Office Supplies,Ink Cartridge Pack,Partner,1,117.94,0.2,94.35,55.0,39.35,Credit Card,4.2,False,G. Ramos,1,Social,New account
ORD-100545,2025-04-02,CUST-1104,Small Business,South,Office Supplies,Printer Toner,Online,2,184.43,0.0,368.86,279.23,89.63,Mobile Wallet,3.1,False,H. Navarro,3,Referral,Priority client
ORD-100546,2025-06-08,CUST-1126,Small Business,West,Office Supplies,Ergonomic Notebook,Partner,11,17.46,0.0,192.05,147.09,44.96,Mobile Wallet,3.4,False,G. Ramos,9,Email,
ORD-100547,2025-08-05,CUST-1132,Small Business,West,Furniture,Storage Shelf,Retail Store,3,308.65,0.1,833.35,520.39,312.97,Bank Transfer,5.0,False,H. Navarro,2,Trade Show,
ORD-100548,2025-11-19,CUST-1039,Consumer,East,Technology,Wireless Headset,Retail Store,8,142.0,0.1,1022.39,598.12,424.26,Purchase Order,4.6,False,E. Garcia,8,Trade Show,
ORD-100549,2025-01-25,CUST-1119,Corporate,Central,Technology,Laptop Pro 14,Corporate Sales,9,1190.45,0.0,10714.03,8702.86,2011.17,Mobile Wallet,4.8,False,E. Garcia,7,Trade Show,
ORD-100550,2025-02-11,CUST-1101,Consumer,North,Technology,Laptop Pro 14,Partner,12,1331.39,0.2,12781.32,8584.77,4196.55,Mobile Wallet,3.5,False,F. Tan,3,Trade Show,
ORD-100551,2025-08-21,CUST-1048,Consumer,Central,Services,Data Migration,Corporate Sales,5,894.08,0.05,4246.88,2586.92,1659.97,Credit Card,5.0,False,G. Ramos,3,Trade Show,
ORD-100552,2025-01-10,CUST-1104,Corporate,Central,Technology,4K Monitor,Partner,2,472.21,0.0,944.42,667.96,276.46,Mobile Wallet,4.5,False,F. Tan,8,Direct,Priority client
ORD-100553,2025-12-11,CUST-1005,Corporate,South,Services,Training Package,Online,2,408.78,0.0,817.55,664.21,153.34,Bank Transfer,3.6,False,H. Navarro,4,Direct,
ORD-100554,2025-03-16,CUST-1119,Consumer,West,Office Supplies,Printer Toner,Partner,11,185.22,0.15,1731.84,1254.63,477.2,Credit Card,4.8,False,B. Santos,5,Search,
ORD-100555,2025-03-20,CUST-1052,Small Business,Central,Services,Support Contract,Partner,8,1219.78,0.0,9758.25,7411.76,2346.49,Credit Card,4.5,False,F. Tan,10,Email,
ORD-100556,2025-02-22,CUST-1010,Small Business,West,Services,Support Contract,Partner,8,1110.74,0.2,7108.76,4700.2,2408.56,Purchase Order,4.9,False,D. Lim,9,Direct,
ORD-100557,2025-02-01,CUST-1107,Small Business,North,Technology,4K Monitor,Partner,10,498.3,0.05,4733.83,3000.81,1733.02,Mobile Wallet,3.3,False,H. Navarro,5,Direct,New account
ORD-100558,2025-08-12,CUST-1060,Corporate,South,Technology,Business Tablet,Corporate Sales,5,690.53,0.2,2762.12,2008.35,753.77,Purchase Order,2.6,False,C. Reyes,6,Social,Priority client
ORD-100559,2025-12-31,CUST-1042,Corporate,South,Services,Support Contract,Corporate Sales,11,1306.34,0.2,11495.78,7331.62,4164.16,Credit Card,3.9,False,H. Navarro,8,Search,
ORD-100560,2025-03-30,CUST-1078,Consumer,South,Office Supplies,Ink Cartridge Pack,Online,10,138.98,0.1,1250.84,919.36,331.48,Credit Card,3.9,False,F. Tan,7,Social,Priority client
ORD-100561,2025-07-02,CUST-1030,Corporate,South,Office Supplies,Ink Cartridge Pack,Online,9,123.48,0.0,1111.29,862.17,249.12,Bank Transfer,4.0,False,H. Navarro,6,,Priority client
ORD-100562,2025-06-24,CUST-1027,Corporate,North,Furniture,Executive Chair,Partner,9,513.94,0.05,4394.21,3034.33,1359.88,Purchase Order,4.3,False,B. Santos,9,Email,Follow-up required
ORD-100563,2025-11-09,CUST-1053,Small Business,South,Technology,Cloud Security Suite,Corporate Sales,1,960.49,0.15,816.42,616.26,200.15,Purchase Order,,False,H. Navarro,2,Direct,
ORD-100564,2025-02-20,CUST-1107,Consumer,South,Office Supplies,Ergonomic Notebook,Partner,6,16.84,0.0,101.03,71.81,29.22,Mobile Wallet,5.0,False,E. Garcia,4,Trade Show,Priority client
ORD-100565,2025-03-29,CUST-1063,Consumer,Central,Technology,Wireless Headset,Partner,6,163.44,0.2,784.53,631.52,153.0,Bank Transfer,4.4,False,C. Reyes,6,Referral,New account
ORD-100566,2025-07-31,CUST-1038,Consumer,Central,Services,Support Contract,Online,9,1276.27,0.2,9189.13,5800.57,3388.56,Credit Card,3.6,False,F. Tan,1,Social,Priority client
ORD-100567,2025-07-25,CUST-1015,Corporate,Central,Office Supplies,Printer Toner,Corporate Sales,1,169.2,0.1,152.28,119.05,33.23,Purchase Order,4.3,False,G. Ramos,3,Direct,Follow-up required
ORD-100568,2025-12-25,CUST-1038,Corporate,West,Furniture,Filing Cabinet,Partner,6,222.96,0.0,1337.74,939.1,398.64,Bank Transfer,5.0,False,H. Navarro,9,Direct,Follow-up required
ORD-100569,2025-06-26,CUST-1033,Corporate,Central,Services,Installation Service,Corporate Sales,5,239.88,0.0,1199.39,858.29,341.1,Bank Transfer,4.7,True,B. Santos,10,Trade Show,New account
ORD-100570,2025-10-10,CUST-1139,Corporate,East,Furniture,Storage Shelf,Retail Store,6,307.15,0.2,1474.32,1124.42,349.9,Mobile Wallet,4.4,False,G. Ramos,1,Trade Show,
ORD-100571,2025-02-26,CUST-1032,Small Business,East,Technology,Wireless Headset,Online,5,138.87,0.2,555.48,383.71,171.77,Purchase Order,3.9,False,F. Tan,2,Search,
ORD-100572,2025-10-25,CUST-1036,Corporate,West,Office Supplies,Ergonomic Notebook,Retail Store,5,19.08,0.05,90.63,57.0,33.63,Credit Card,3.5,False,F. Tan,10,Trade Show,New account
ORD-100573,2025-10-26,CUST-1106,Consumer,North,Office Supplies,Ergonomic Notebook,Online,8,18.2,0.0,145.59,110.05,35.53,Purchase Order,3.2,False,C. Reyes,7,Referral,
ORD-100574,2025-04-20,CUST-1133,Small Business,East,Services,Consulting Hours,Partner,6,174.79,0.2,839.01,644.45,194.56,Purchase Order,4.4,False,H. Navarro,10,Direct,Follow-up required
ORD-100575,2025-09-08,CUST-1132,Corporate,North,Services,Installation Service,Retail Store,3,252.71,0.15,644.41,374.57,269.85,Purchase Order,3.5,False,H. Navarro,8,Email,
ORD-100576,2025-03-22,CUST-1075,Consumer,Central,Furniture,Executive Chair,Retail Store,10,533.8,0.1,4804.2,3210.67,1593.52,Credit Card,4.6,False,F. Tan,6,Social,Follow-up required
ORD-100577,2025-07-11,CUST-1151,Small Business,North,Furniture,Filing Cabinet,Corporate Sales,8,211.42,0.0,1691.36,1041.42,649.93,Mobile Wallet,4.6,False,D. Lim,3,Search,
ORD-100578,2025-09-08,CUST-1147,Small Business,Central,Technology,Laptop Pro 14,Partner,9,1427.95,0.05,12208.95,8160.39,4048.56,Mobile Wallet,3.8,True,G. Ramos,5,Referral,Priority client
ORD-100579,2025-11-07,CUST-1115,Consumer,East,Office Supplies,Ink Cartridge Pack,Online,9,127.67,0.2,919.25,692.47,226.78,Purchase Order,4.3,False,G. Ramos,8,Search,New account
ORD-100580,2025-07-22,CUST-1023,Consumer,North,Furniture,Storage Shelf,Corporate Sales,1,292.51,0.2,234.01,158.9,75.11,Credit Card,4.8,False,B. Santos,5,Search,New account
ORD-100581,2025-11-13,CUST-1031,Corporate,Central,Technology,Cloud Security Suite,Retail Store,9,934.17,0.0,8407.55,4882.87,3524.68,Credit Card,3.0,False,E. Garcia,9,Search,
ORD-100582,2025-05-06,CUST-1126,Consumer,East,Services,Consulting Hours,Partner,9,190.59,0.15,1458.02,878.19,579.83,Bank Transfer,5.0,False,G. Ramos,10,Email,
ORD-100583,2025-09-28,CUST-1044,Small Business,South,Furniture,Meeting Table,Retail Store,5,813.09,0.0,4065.47,2827.27,1238.21,Mobile Wallet,3.7,False,B. Santos,2,Search,Follow-up required
ORD-100584,2025-06-07,CUST-1015,Small Business,West,Services,Installation Service,Online,1,254.0,0.15,215.9,154.32,61.58,Mobile Wallet,4.2,False,C. Reyes,3,Referral,
ORD-100585,2025-06-15,CUST-1061,Small Business,Central,Furniture,Meeting Table,Partner,2,808.69,0.0,1617.39,1172.34,445.04,Credit Card,4.9,False,E. Garcia,10,Email,Follow-up required
ORD-100586,2025-06-12,CUST-1060,Consumer,East,Services,Data Migration,Online,7,906.27,0.0,6343.86,4935.6,1408.26,Bank Transfer,4.5,False,C. Reyes,7,Social,New account
ORD-100587,2025-10-18,CUST-1139,Consumer,South,Services,Support Contract,Partner,2,1199.58,0.2,1919.33,1148.71,770.62,Purchase Order,4.0,False,A. Cruz,3,Email,
ORD-100588,2025-08-26,CUST-1154,Small Business,West,Furniture,Standing Desk,Corporate Sales,1,664.84,0.0,664.84,498.53,166.31,Bank Transfer,3.8,False,E. Garcia,8,Email,
ORD-100589,2025-03-24,CUST-1143,Small Business,West,Technology,Wireless Headset,Retail Store,2,157.6,0.1,283.68,199.75,83.93,Mobile Wallet,3.2,False,F. Tan,3,,New account
ORD-100590,2025-05-14,CUST-1118,Corporate,East,Services,Training Package,Online,4,434.54,0.2,1390.52,951.34,439.18,Bank Transfer,4.0,False,A. Cruz,6,Trade Show,
ORD-100591,2025-09-01,CUST-1101,Corporate,North,Technology,Laptop Pro 14,Online,11,1192.12,0.0,13113.3,8300.02,4813.28,Credit Card,5.0,False,H. Navarro,8,Direct,
ORD-100592,2025-03-05,CUST-1119,Small Business,South,Furniture,Meeting Table,Partner,10,878.64,0.05,8347.04,6710.58,1636.46,Credit Card,4.6,False,D. Lim,1,Direct,
ORD-100593,2025-01-11,CUST-1057,Consumer,West,Furniture,Filing Cabinet,Corporate Sales,4,225.24,0.0,900.98,613.66,287.32,Credit Card,5.0,False,E. Garcia,5,Referral,
ORD-100594,2025-12-27,CUST-1129,Small Business,South,Office Supplies,Premium Paper,Retail Store,4,36.02,0.2,115.27,78.2,37.07,Bank Transfer,4.5,False,B. Santos,5,Trade Show,Follow-up required
ORD-100595,2025-03-07,CUST-1071,Consumer,North,Technology,Business Tablet,Corporate Sales,5,746.5,0.15,3172.64,2132.4,1040.25,Purchase Order,5.0,False,A. Cruz,9,Referral,New account
ORD-100596,2025-11-25,CUST-1127,Small Business,Central,Technology,Wireless Headset,Online,7,139.6,0.1,879.46,586.55,292.92,Bank Transfer,5.0,False,A. Cruz,9,Social,Priority client
ORD-100597,2025-08-04,CUST-1007,Corporate,South,Services,Training Package,Partner,1,435.11,0.1,391.6,229.59,162.01,Credit Card,4.2,False,D. Lim,2,Search,Follow-up required
ORD-100598,2025-03-26,CUST-1111,Consumer,Central,Furniture,Filing Cabinet,Corporate Sales,2,210.18,0.2,336.29,270.97,65.32,Mobile Wallet,2.8,False,D. Lim,1,Email,Priority client
ORD-100599,2025-08-31,CUST-1154,Corporate,West,Office Supplies,Ergonomic Notebook,Online,1,17.13,0.05,16.28,11.12,5.16,Purchase Order,4.5,False,B. Santos,4,Email,
ORD-100600,2025-02-01,CUST-1114,Consumer,East,Technology,4K Monitor,Partner,6,455.16,0.2,2184.78,1520.41,664.36,Credit Card,3.7,True,B. Santos,4,Direct,
